"41317144","taxon"," ","",0,"","2011-01-01T00:00:00Z"," ","41317144"
"4135613","taxon"," ","",0,"","2004-01-01T00:00:00Z"," ","4135613"
"4135607","taxon"," ","",0,"","2004-01-01T00:00:00Z"," ","4135607"
"25065862","taxon"," ","",0,"","2007-01-01T00:00:00Z"," ","25065862"
"27756712","taxon"," ","",0,"","2008-01-01T00:00:00Z"," ","27756712"
"25065788","taxon"," ","",0,"","2007-01-01T00:00:00Z"," ","25065788"
"1220787","taxon"," ","",0,"","1984-01-01T00:00:00Z"," ","1220787"
"25065641","taxon"," ","",0,"","2006-01-01T00:00:00Z"," ","25065641"
"4090593","auk"," ","",0,"","2005-01-01T00:00:00Z"," ","4090593"
"4084559","auk"," ","",0,"","1975-01-01T00:00:00Z"," ","4084559"
"90008590","auk"," ","",0,"","2014-01-01T00:00:00Z"," ","90008590"
"4090223","auk"," ","",0,"","2002-01-01T00:00:00Z"," ","4090223"
"4088225","auk"," ","",0,"","1993-01-01T00:00:00Z"," ","4088225"
"4090335","auk"," ","",0,"","2004-01-01T00:00:00Z"," ","4090335"
"23782964","cereresecomm"," ","",0,"","1985-01-01T00:00:00Z"," ","23782964"
"3515771","palaios"," ","",0,"","2003-01-01T00:00:00Z"," ","3515771"
"20173019","palaios"," ","",0,"","2006-01-01T00:00:00Z"," ","20173019"
"27670596","palaios"," ","",0,"","2009-01-01T00:00:00Z"," ","27670596"
"3224354","tranamermicrsoci"," ","",0,"","1970-01-01T00:00:00Z"," ","3224354"
"20798576","jarachnology"," ","",0,"","2010-01-01T00:00:00Z"," ","20798576"
"25434311","jarachnology"," ","",0,"","2008-01-01T00:00:00Z"," ","25434311"
"3705018","jarachnology"," ","",0,"","1976-01-01T00:00:00Z"," ","3705018"
"20788611","jarachnology"," ","",0,"","2010-01-01T00:00:00Z"," ","20788611"
"25434289","jarachnology"," ","",0,"","2008-01-01T00:00:00Z"," ","25434289"
"23610237","jarachnology"," ","",0,"","2013-01-01T00:00:00Z"," ","23610237"
"41317224","jarachnology"," ","",0,"","2011-01-01T00:00:00Z"," ","41317224"
"2560273","jtropicalecology"," ","",0,"","1998-01-01T00:00:00Z"," ","2560273"
"2559495","jtropicalecology"," ","",0,"","1994-01-01T00:00:00Z"," ","2559495"
"2559394","jtropicalecology"," ","",0,"","1988-01-01T00:00:00Z"," ","2559394"
"2559629","jtropicalecology"," ","",0,"","1991-01-01T00:00:00Z"," ","2559629"
"2560044","jtropicalecology"," ","",0,"","1999-01-01T00:00:00Z"," ","2560044"
"4092008","jtropicalecology"," ","",0,"","2003-01-01T00:00:00Z"," ","4092008"
"25172900","jtropicalecology"," ","",0,"","2008-01-01T00:00:00Z"," ","25172900"
"25172956","jtropicalecology"," ","",0,"","2008-01-01T00:00:00Z"," ","25172956"
"25562586","jtropicalecology"," ","",0,"","2009-01-01T00:00:00Z"," ","25562586"
"4091858","jtropicalecology"," ","",0,"","2004-01-01T00:00:00Z"," ","4091858"
"23012378","jtropicalecology"," ","",0,"","2011-01-01T00:00:00Z"," ","23012378"
"40665273","jtropicalecology"," ","",0,"","2010-01-01T00:00:00Z"," ","40665273"
"3068834","jtropicalecology"," ","",0,"","2000-01-01T00:00:00Z"," ","3068834"
"25758778","plantcell"," ","",0,"","2010-01-01T00:00:00Z"," ","25758778"
"41268272","jamewatworass"," ","",0,"","1975-01-01T00:00:00Z"," ","41268272"
"20051048","plantecology"," ","",0,"","2001-01-01T00:00:00Z"," ","20051048"
"20146733","plantecology"," ","",0,"","2005-01-01T00:00:00Z"," ","20146733"
"20146515","plantecology"," ","",0,"","2003-01-01T00:00:00Z"," ","20146515"
"20051161","plantecology"," ","",0,"","2001-01-01T00:00:00Z"," ","20051161"
"4046979","weedscience"," ","",0,"","2005-01-01T00:00:00Z"," ","4046979"
"4539469","weedscience"," ","",0,"","2006-01-01T00:00:00Z"," ","4539469"
"4514530","jfielorni"," ","",0,"","2000-01-01T00:00:00Z"," ","4514530"
"4131020","jfielorni"," ","",0,"","2003-01-01T00:00:00Z"," ","4131020"
"23355758","jfielorni"," ","",0,"","2013-01-01T00:00:00Z"," ","23355758"
"4513923","jfielorni"," ","",0,"","1994-01-01T00:00:00Z"," ","4513923"
"23355824","jfielorni"," ","",0,"","2012-01-01T00:00:00Z"," ","23355824"
"27639304","jfielorni"," ","",0,"","2006-01-01T00:00:00Z"," ","27639304"
"23011220","jfielorni"," ","",0,"","2011-01-01T00:00:00Z"," ","23011220"
"40983922","jfielorni"," ","",0,"","2010-01-01T00:00:00Z"," ","40983922"
"4131070","jfielorni"," ","",0,"","2002-01-01T00:00:00Z"," ","4131070"
"1353489","estuaries"," ","",0,"","2004-01-01T00:00:00Z"," ","1353489"
"2807117","brittonia"," ","",0,"","1995-01-01T00:00:00Z"," ","2807117"
"40648179","brittonia"," ","",0,"","2009-01-01T00:00:00Z"," ","40648179"
"23273258","copeia"," ","",0,"","2012-01-01T00:00:00Z"," ","23273258"
"25140717","copeia"," ","",0,"","2007-01-01T00:00:00Z"," ","25140717"
"1447654","copeia"," ","",0,"","1996-01-01T00:00:00Z"," ","1447654"
"1447936","copeia"," ","",0,"","2002-01-01T00:00:00Z"," ","1447936"
"1445483","copeia"," ","",0,"","1989-01-01T00:00:00Z"," ","1445483"
"1441358","copeia"," ","",0,"","1963-01-01T00:00:00Z"," ","1441358"
"4098654","copeia"," ","",0,"","2005-01-01T00:00:00Z"," ","4098654"
"23273263","copeia"," ","",0,"","2012-01-01T00:00:00Z"," ","23273263"
"25622934","copeia"," ","",0,"","2009-01-01T00:00:00Z"," ","25622934"
"1445484","copeia"," ","",0,"","1989-01-01T00:00:00Z"," ","1445484"
"4098573","copeia"," ","",0,"","2005-01-01T00:00:00Z"," ","4098573"
"41059021","estuariescoasts"," ","",0,"","2011-01-01T00:00:00Z"," ","41059021"
"40306241","evolution"," ","",0,"","2009-01-01T00:00:00Z"," ","40306241"
"29783011","evolution"," ","",0,"","2011-01-01T00:00:00Z"," ","29783011"
"2406261","evolution"," ","",0,"","1962-01-01T00:00:00Z"," ","2406261"
"2406247","evolution"," ","",0,"","1965-01-01T00:00:00Z"," ","2406247"
"4621360","evolution"," ","",0,"","2007-01-01T00:00:00Z"," ","4621360"
"4215728","oecologia"," ","",0,"","1978-01-01T00:00:00Z"," ","4215728"
"4218365","oecologia"," ","",0,"","1987-01-01T00:00:00Z"," ","4218365"
"1294479","bioscience"," ","",0,"","1969-01-01T00:00:00Z"," ","1294479"
"2997714","globecolbioglett"," ","",0,"","1998-01-01T00:00:00Z"," ","2997714"
"23597214","ecology"," ","",0,"","2013-01-01T00:00:00Z"," ","23597214"
"23229902","ecology"," ","",0,"","2012-01-01T00:00:00Z"," ","23229902"
"2265629","ecology"," ","",0,"","1996-01-01T00:00:00Z"," ","2265629"
"1940683","ecology"," ","",0,"","1992-01-01T00:00:00Z"," ","1940683"
"23229898","ecology"," ","",0,"","2012-01-01T00:00:00Z"," ","23229898"
"29779573","ecology"," ","",0,"","2011-01-01T00:00:00Z"," ","29779573"
"1936404","ecology"," ","",0,"","1976-01-01T00:00:00Z"," ","1936404"
"2260947","jecology"," ","",0,"","1990-01-01T00:00:00Z"," ","2260947"
"3072231","jecology"," ","",0,"","2002-01-01T00:00:00Z"," ","3072231"
"4354394","botarevi"," ","",0,"","2001-01-01T00:00:00Z"," ","4354394"
"41408838","botarevi"," ","",0,"","2011-01-01T00:00:00Z"," ","41408838"
"40211934","systematicbotany"," ","",0,"","2008-01-01T00:00:00Z"," ","40211934"
"3093994","systematicbotany"," ","",0,"","2003-01-01T00:00:00Z"," ","3093994"
"25064238","systematicbotany"," ","",0,"","2007-01-01T00:00:00Z"," ","25064238"
"2419398","systematicbotany"," ","",0,"","1993-01-01T00:00:00Z"," ","2419398"
"23029008","systematicbotany"," ","",0,"","2011-01-01T00:00:00Z"," ","23029008"
"3093917","systematicbotany"," ","",0,"","2002-01-01T00:00:00Z"," ","3093917"
"40928255","janimalecology"," ","",0,"","2010-01-01T00:00:00Z"," ","40928255"
"23055163","mycologia"," ","",0,"","2011-01-01T00:00:00Z"," ","23055163"
"3761551","mycologia"," ","",0,"","2000-01-01T00:00:00Z"," ","3761551"
"23253131","mycologia"," ","",0,"","2012-01-01T00:00:00Z"," ","23253131"
"3760512","mycologia"," ","",0,"","1993-01-01T00:00:00Z"," ","3760512"
"23253128","mycologia"," ","",0,"","2012-01-01T00:00:00Z"," ","23253128"
"3757946","mycologia"," ","",0,"","1972-01-01T00:00:00Z"," ","3757946"
"23055310","mycologia"," ","",0,"","2012-01-01T00:00:00Z"," ","23055310"
"3391617","novon"," ","",0,"","1991-01-01T00:00:00Z"," ","3391617"
"3391913","novon"," ","",0,"","1996-01-01T00:00:00Z"," ","3391913"
"25010551","jnewyorkentosoci"," ","",0,"","2006-01-01T00:00:00Z"," ","25010551"
"24313181","procfloracadscie"," ","",0,"","1940-01-01T00:00:00Z"," ","24313181"
"20720388","irisjagrifoodres"," ","",0,"","2009-01-01T00:00:00Z"," ","20720388"
"30142880","jbiogeography"," ","",0,"","2008-01-01T00:00:00Z"," ","30142880"
"3838518","jbiogeography"," ","",0,"","2006-01-01T00:00:00Z"," ","3838518"
"4640673","jbiogeography"," ","",0,"","2007-01-01T00:00:00Z"," ","4640673"
"827360","jbiogeography"," ","",0,"","2002-01-01T00:00:00Z"," ","827360"
"20870123","jbiogeography"," ","",0,"","2011-01-01T00:00:00Z"," ","20870123"
"20870180","jbiogeography"," ","",0,"","2011-01-01T00:00:00Z"," ","20870180"
"40996141","jbiogeography"," ","",0,"","2011-01-01T00:00:00Z"," ","40996141"
"3838614","jbiogeography"," ","",0,"","2006-01-01T00:00:00Z"," ","3838614"
"4125135","jbiogeography"," ","",0,"","2007-01-01T00:00:00Z"," ","4125135"
"20143346","jbiogeography"," ","",0,"","2008-01-01T00:00:00Z"," ","20143346"
"23754710","procnatiacadscie"," ","",0,"","2013-01-01T00:00:00Z"," ","23754710"
"23802005","procnatiacadscie"," ","",0,"","2014-01-01T00:00:00Z"," ","23802005"
"40485183","procnatiacadscie"," ","",0,"","2009-01-01T00:00:00Z"," ","40485183"
"2366725","procnatiacadscie"," ","",0,"","1995-01-01T00:00:00Z"," ","2366725"
"3371390","procnatiacadscie"," ","",0,"","2004-01-01T00:00:00Z"," ","3371390"
"40483374","procnatiacadscie"," ","",0,"","2009-01-01T00:00:00Z"," ","40483374"
"40482817","procnatiacadscie"," ","",0,"","2009-01-01T00:00:00Z"," ","40482817"
"25708801","procnatiacadscie"," ","",0,"","2010-01-01T00:00:00Z"," ","25708801"
"23770807","procnatiacadscie"," ","",0,"","2014-01-01T00:00:00Z"," ","23770807"
"41321832","procnatiacadscie"," ","",0,"","2011-01-01T00:00:00Z"," ","41321832"
"71212","procnatiacadscie"," ","",0,"","1962-01-01T00:00:00Z"," ","71212"
"41507119","procnatiacadscie"," ","",0,"","2012-01-01T00:00:00Z"," ","41507119"
"47867","procnatiacadscie"," ","",0,"","1999-01-01T00:00:00Z"," ","47867"
"23769066","procnatiacadscie"," ","",0,"","2014-01-01T00:00:00Z"," ","23769066"
"41125701","procnatiacadscie"," ","",0,"","2011-01-01T00:00:00Z"," ","41125701"
"2354512","procnatiacadscie"," ","",0,"","1990-01-01T00:00:00Z"," ","2354512"
"2367103","procnatiacadscie"," ","",0,"","1995-01-01T00:00:00Z"," ","2367103"
"23770973","procnatiacadscie"," ","",0,"","2014-01-01T00:00:00Z"," ","23770973"
"3372521","procnatiacadscie"," ","",0,"","2004-01-01T00:00:00Z"," ","3372521"
"25593063","procnatiacadscie"," ","",0,"","2009-01-01T00:00:00Z"," ","25593063"
"27526","procnatiacadscie"," ","",0,"","1986-01-01T00:00:00Z"," ","27526"
"23006","procnatiacadscie"," ","",0,"","1983-01-01T00:00:00Z"," ","23006"
"66317","procnatiacadscie"," ","",0,"","1977-01-01T00:00:00Z"," ","66317"
"23804995","procnatiacadscie"," ","",0,"","2014-01-01T00:00:00Z"," ","23804995"
"42656727","procnatiacadscie"," ","",0,"","2013-01-01T00:00:00Z"," ","42656727"
"30049673","procnatiacadscie"," ","",0,"","2006-01-01T00:00:00Z"," ","30049673"
"27095","procnatiacadscie"," ","",0,"","1986-01-01T00:00:00Z"," ","27095"
"27979242","procnatiacadscie"," ","",0,"","2011-01-01T00:00:00Z"," ","27979242"
"23076296","philtranbiolscie"," ","",0,"","2011-01-01T00:00:00Z"," ","23076296"
"3298632","annamissbotagard"," ","",0,"","2001-01-01T00:00:00Z"," ","3298632"
"4064939","procacadnatuscie"," ","",0,"","1988-01-01T00:00:00Z"," ","4064939"
"40864036","consbiol"," ","",0,"","2010-01-01T00:00:00Z"," ","40864036"
"2385851","consbiol"," ","",0,"","1992-01-01T00:00:00Z"," ","2385851"
"2386728","consbiol"," ","",0,"","1994-01-01T00:00:00Z"," ","2386728"
"3589137","consbiol"," ","",0,"","2004-01-01T00:00:00Z"," ","3589137"
"3588923","consbiol"," ","",0,"","2003-01-01T00:00:00Z"," ","3588923"
"3061488","consbiol"," ","",0,"","2001-01-01T00:00:00Z"," ","3061488"
"3879187","consbiol"," ","",0,"","2006-01-01T00:00:00Z"," ","3879187"
"20183504","consbiol"," ","",0,"","2008-01-01T00:00:00Z"," ","20183504"
"29738830","consbiol"," ","",0,"","2009-01-01T00:00:00Z"," ","29738830"
"3591079","consbiol"," ","",0,"","2005-01-01T00:00:00Z"," ","3591079"
"25652744","humanecology"," ","",0,"","2009-01-01T00:00:00Z"," ","25652744"
"3543456","oikos"," ","",0,"","1976-01-01T00:00:00Z"," ","3543456"
"3548583","oikos"," ","",0,"","2005-01-01T00:00:00Z"," ","3548583"
"41495337","rangecolmana"," ","",0,"","2012-01-01T00:00:00Z"," ","41495337"
"24857478","mariecolprogseri"," ","",0,"","1997-01-01T00:00:00Z"," ","24857478"
"24865114","mariecolprogseri"," ","",0,"","2002-01-01T00:00:00Z"," ","24865114"
"24868046","mariecolprogseri"," ","",0,"","2005-01-01T00:00:00Z"," ","24868046"
"24831857","mariecolprogseri"," ","",0,"","1998-01-01T00:00:00Z"," ","24831857"
"24853397","mariecolprogseri"," ","",0,"","1995-01-01T00:00:00Z"," ","24853397"
"24874284","mariecolprogseri"," ","",0,"","2009-01-01T00:00:00Z"," ","24874284"
"24870063","mariecolprogseri"," ","",0,"","2006-01-01T00:00:00Z"," ","24870063"
"24867546","mariecolprogseri"," ","",0,"","2003-01-01T00:00:00Z"," ","24867546"
"24865327","mariecolprogseri"," ","",0,"","2001-01-01T00:00:00Z"," ","24865327"
"24874670","mariecolprogseri"," ","",0,"","2011-01-01T00:00:00Z"," ","24874670"
"24831751","mariecolprogseri"," ","",0,"","1998-01-01T00:00:00Z"," ","24831751"
"24036721","jexperbota"," ","",0,"","2007-01-01T00:00:00Z"," ","24036721"
"24038828","jexperbota"," ","",0,"","2010-01-01T00:00:00Z"," ","24038828"
"23693455","jexperbota"," ","",0,"","1993-01-01T00:00:00Z"," ","23693455"
"23691139","jexperbota"," ","",0,"","1984-01-01T00:00:00Z"," ","23691139"
"23694144","jexperbota"," ","",0,"","1992-01-01T00:00:00Z"," ","23694144"
"23693456","jexperbota"," ","",0,"","1993-01-01T00:00:00Z"," ","23693456"
"1307103","jpaleontology"," ","",0,"","2002-01-01T00:00:00Z"," ","1307103"
"20794592","belgjbota"," ","",0,"","2006-01-01T00:00:00Z"," ","20794592"
"20794642","belgjbota"," ","",0,"","2007-01-01T00:00:00Z"," ","20794642"
"27571145","colebull"," ","",0,"","2008-01-01T00:00:00Z"," ","27571145"
"4009396","colebull"," ","",0,"","1999-01-01T00:00:00Z"," ","4009396"
"27571101","colebull"," ","",0,"","2008-01-01T00:00:00Z"," ","27571101"
"3628163","trankansacadscie"," ","",0,"","1983-01-01T00:00:00Z"," ","3628163"
"3670017","soutnatu"," ","",0,"","1975-01-01T00:00:00Z"," ","3670017"
"3671643","soutnatu"," ","",0,"","1993-01-01T00:00:00Z"," ","3671643"
"20103297","crustaceana"," ","",0,"","1978-01-01T00:00:00Z"," ","20103297"
"27743249","crustaceana"," ","",0,"","2009-01-01T00:00:00Z"," ","27743249"
"3873064","ursus"," ","",0,"","2005-01-01T00:00:00Z"," ","3873064"
"25822721","jorthrese"," ","",0,"","2010-01-01T00:00:00Z"," ","25822721"
"40864092","radirese"," ","",0,"","2010-01-01T00:00:00Z"," ","40864092"
"40072706","palynology"," ","",0,"","2007-01-01T00:00:00Z"," ","40072706"
"41319059","palynology"," ","",0,"","2011-01-01T00:00:00Z"," ","41319059"
"3687778","palynology"," ","",0,"","2003-01-01T00:00:00Z"," ","3687778"
"2422970","amermidlnatu"," ","",0,"","1961-01-01T00:00:00Z"," ","2422970"
"2423327","amermidlnatu"," ","",0,"","1965-01-01T00:00:00Z"," ","2423327"
"2421790","amermidlnatu"," ","",0,"","1949-01-01T00:00:00Z"," ","2421790"
"1521408","colowate"," ","",0,"","1995-01-01T00:00:00Z"," ","1521408"
"1521077","colowate"," ","",0,"","1984-01-01T00:00:00Z"," ","1521077"
"23417662","vegehistarch"," ","",0,"","2001-01-01T00:00:00Z"," ","23417662"
"23417770","vegehistarch"," ","",0,"","2001-01-01T00:00:00Z"," ","23417770"
"3284085","jparasitology"," ","",0,"","1996-01-01T00:00:00Z"," ","3284085"
"20059826","jparasitology"," ","",0,"","2005-01-01T00:00:00Z"," ","20059826"
"3283927","jparasitology"," ","",0,"","1995-01-01T00:00:00Z"," ","3283927"
"3272847","jparasitology"," ","",0,"","1943-01-01T00:00:00Z"," ","3272847"
"3277229","jparasitology"," ","",0,"","1969-01-01T00:00:00Z"," ","3277229"
"3285868","jparasitology"," ","",0,"","2003-01-01T00:00:00Z"," ","3285868"
"3283955","jparasitology"," ","",0,"","1995-01-01T00:00:00Z"," ","3283955"
"3284245","jparasitology"," ","",0,"","1997-01-01T00:00:00Z"," ","3284245"
"3286398","jparasitology"," ","",0,"","2004-01-01T00:00:00Z"," ","3286398"
"3284966","jparasitology"," ","",0,"","2000-01-01T00:00:00Z"," ","3284966"
"3285350","jparasitology"," ","",0,"","2002-01-01T00:00:00Z"," ","3285350"
"27735671","jparasitology"," ","",0,"","2009-01-01T00:00:00Z"," ","27735671"
"3285647","jparasitology"," ","",0,"","1999-01-01T00:00:00Z"," ","3285647"
"41982068","jparasitology"," ","",0,"","2013-01-01T00:00:00Z"," ","41982068"
"3279261","jparasitology"," ","",0,"","1976-01-01T00:00:00Z"," ","3279261"
"20059897","jparasitology"," ","",0,"","2005-01-01T00:00:00Z"," ","20059897"
"40802464","jparasitology"," ","",0,"","2010-01-01T00:00:00Z"," ","40802464"
"3274399","jparasitology"," ","",0,"","1959-01-01T00:00:00Z"," ","3274399"
"3277031","jparasitology"," ","",0,"","1968-01-01T00:00:00Z"," ","3277031"
"3283441","jparasitology"," ","",0,"","1994-01-01T00:00:00Z"," ","3283441"
"3283190","jparasitology"," ","",0,"","1994-01-01T00:00:00Z"," ","3283190"
"3282770","jparasitology"," ","",0,"","1989-01-01T00:00:00Z"," ","3282770"
"3275848","jparasitology"," ","",0,"","1964-01-01T00:00:00Z"," ","3275848"
"3282713","jparasitology"," ","",0,"","1991-01-01T00:00:00Z"," ","3282713"
"3275485","jparasitology"," ","",0,"","1961-01-01T00:00:00Z"," ","3275485"
"3285872","jparasitology"," ","",0,"","2003-01-01T00:00:00Z"," ","3285872"
"41241928","biotropica"," ","",0,"","2011-01-01T00:00:00Z"," ","41241928"
"2387828","biotropica"," ","",0,"","1983-01-01T00:00:00Z"," ","2387828"
"30044915","biotropica"," ","",0,"","2006-01-01T00:00:00Z"," ","30044915"
"2388473","biotropica"," ","",0,"","1992-01-01T00:00:00Z"," ","2388473"
"30045395","biotropica"," ","",0,"","2007-01-01T00:00:00Z"," ","30045395"
"2387921","biotropica"," ","",0,"","1979-01-01T00:00:00Z"," ","2387921"
"30045515","biotropica"," ","",0,"","2005-01-01T00:00:00Z"," ","30045515"
"20492491","biotropica"," ","",0,"","2008-01-01T00:00:00Z"," ","20492491"
"30043232","biotropica"," ","",0,"","2005-01-01T00:00:00Z"," ","30043232"
"30045507","biotropica"," ","",0,"","2005-01-01T00:00:00Z"," ","30045507"
"2663817","biotropica"," ","",0,"","2000-01-01T00:00:00Z"," ","2663817"
"40863754","biotropica"," ","",0,"","2010-01-01T00:00:00Z"," ","40863754"
"30045514","biotropica"," ","",0,"","2005-01-01T00:00:00Z"," ","30045514"
"2388552","biotropica"," ","",0,"","1990-01-01T00:00:00Z"," ","2388552"
"27742822","biotropica"," ","",0,"","2009-01-01T00:00:00Z"," ","27742822"
"2387926","biotropica"," ","",0,"","1979-01-01T00:00:00Z"," ","2387926"
"30044943","biotropica"," ","",0,"","2007-01-01T00:00:00Z"," ","30044943"
"30043179","biotropica"," ","",0,"","2005-01-01T00:00:00Z"," ","30043179"
"4132959","biotropica"," ","",0,"","2002-01-01T00:00:00Z"," ","4132959"
"20492484","biotropica"," ","",0,"","2008-01-01T00:00:00Z"," ","20492484"
"2663957","biotropica"," ","",0,"","1999-01-01T00:00:00Z"," ","2663957"
"2389054","biotropica"," ","",0,"","1996-01-01T00:00:00Z"," ","2389054"
"30043197","biotropica"," ","",0,"","2005-01-01T00:00:00Z"," ","30043197"
"2389211","biotropica"," ","",0,"","1998-01-01T00:00:00Z"," ","2389211"
"2389070","biotropica"," ","",0,"","1996-01-01T00:00:00Z"," ","2389070"
"4132903","biotropica"," ","",0,"","2002-01-01T00:00:00Z"," ","4132903"
"30043180","biotropica"," ","",0,"","2005-01-01T00:00:00Z"," ","30043180"
"2389221","biotropica"," ","",0,"","1998-01-01T00:00:00Z"," ","2389221"
"30043073","biotropica"," ","",0,"","2003-01-01T00:00:00Z"," ","30043073"
"2663885","biotropica"," ","",0,"","2000-01-01T00:00:00Z"," ","2663885"
"2389183","biotropica"," ","",0,"","1993-01-01T00:00:00Z"," ","2389183"
"2389059","biotropica"," ","",0,"","1996-01-01T00:00:00Z"," ","2389059"
"30043030","biotropica"," ","",0,"","2003-01-01T00:00:00Z"," ","30043030"
"30043205","biotropica"," ","",0,"","2005-01-01T00:00:00Z"," ","30043205"
"42568549","jvertpale"," ","",0,"","2013-01-01T00:00:00Z"," ","42568549"
"1485781","micr"," ","",0,"","1997-01-01T00:00:00Z"," ","1485781"
"25164030","mounresedeve"," ","",0,"","1999-01-01T00:00:00Z"," ","25164030"
"43581810","jtropforescie"," ","",0,"","1994-01-01T00:00:00Z"," ","43581810"
"23723907","jtropforescie"," ","",0,"","2014-01-01T00:00:00Z"," ","23723907"
"43856526","jtropforescie"," ","",0,"","2016-01-01T00:00:00Z"," ","43856526"
"40925714","jmammalogy"," ","",0,"","2010-01-01T00:00:00Z"," ","40925714"
"23259934","jmammalogy"," ","",0,"","2011-01-01T00:00:00Z"," ","23259934"
"1383846","jmammalogy"," ","",0,"","2003-01-01T00:00:00Z"," ","1383846"
"1383071","jmammalogy"," ","",0,"","1997-01-01T00:00:00Z"," ","1383071"
"3893210","herpetologica"," ","",0,"","1996-01-01T00:00:00Z"," ","3893210"
"24634327","herpetologica"," ","",0,"","2013-01-01T00:00:00Z"," ","24634327"
"4497943","herpetologica"," ","",0,"","2007-01-01T00:00:00Z"," ","4497943"
"3893499","herpetologica"," ","",0,"","2005-01-01T00:00:00Z"," ","3893499"
"25209129","herpetologica"," ","",0,"","2008-01-01T00:00:00Z"," ","25209129"
"3893223","herpetologica"," ","",0,"","1999-01-01T00:00:00Z"," ","3893223"
"40602632","herpetologica"," ","",0,"","2010-01-01T00:00:00Z"," ","40602632"
"3893199","herpetologica"," ","",0,"","2002-01-01T00:00:00Z"," ","3893199"
"24634324","herpetologica"," ","",0,"","2013-01-01T00:00:00Z"," ","24634324"
"3893452","herpetologica"," ","",0,"","2004-01-01T00:00:00Z"," ","3893452"
"4287641","micrecol"," ","",0,"","2002-01-01T00:00:00Z"," ","4287641"
"4250482","micrecol"," ","",0,"","1977-01-01T00:00:00Z"," ","4250482"
"25153177","micrecol"," ","",0,"","2005-01-01T00:00:00Z"," ","25153177"
"23655741","plansystevol"," ","",0,"","2007-01-01T00:00:00Z"," ","23655741"
"23664807","plansystevol"," ","",0,"","2013-01-01T00:00:00Z"," ","23664807"
"44241974","caldasia"," ","",0,"","1997-01-01T00:00:00Z"," ","44241974"
"23641981","caldasia"," ","",0,"","2012-01-01T00:00:00Z"," ","23641981"
"23641561","caldasia"," ","",0,"","1999-01-01T00:00:00Z"," ","23641561"
"23642128","caldasia"," ","",0,"","2009-01-01T00:00:00Z"," ","23642128"
"23641021","caldasia"," ","",0,"","1964-01-01T00:00:00Z"," ","23641021"
"23641790","caldasia"," ","",0,"","2004-01-01T00:00:00Z"," ","23641790"
"23641976","caldasia"," ","",0,"","2012-01-01T00:00:00Z"," ","23641976"
"90008389","caldasia"," ","",0,"","2014-01-01T00:00:00Z"," ","90008389"
"23641743","caldasia"," ","",0,"","2006-01-01T00:00:00Z"," ","23641743"
"23641897","caldasia"," ","",0,"","2008-01-01T00:00:00Z"," ","23641897"
"23642029","caldasia"," ","",0,"","2011-01-01T00:00:00Z"," ","23642029"
"90007905","caldasia"," ","",0,"","2013-01-01T00:00:00Z"," ","90007905"
"23642134","caldasia"," ","",0,"","2009-01-01T00:00:00Z"," ","23642134"
"90008411","caldasia"," ","",0,"","2015-01-01T00:00:00Z"," ","90008411"
"90008350","caldasia"," ","",0,"","2013-01-01T00:00:00Z"," ","90008350"
"23642008","caldasia"," ","",0,"","2010-01-01T00:00:00Z"," ","23642008"
"23642061","caldasia"," ","",0,"","2011-01-01T00:00:00Z"," ","23642061"
"23641268","caldasia"," ","",0,"","1998-01-01T00:00:00Z"," ","23641268"
"23641736","caldasia"," ","",0,"","2007-01-01T00:00:00Z"," ","23641736"
"23641529","caldasia"," ","",0,"","1999-01-01T00:00:00Z"," ","23641529"
"90009020","caldasia"," ","",0,"","2017-01-01T00:00:00Z"," ","90009020"
"90009026","caldasia"," ","",0,"","2017-01-01T00:00:00Z"," ","90009026"
"23641799","caldasia"," ","",0,"","2004-01-01T00:00:00Z"," ","23641799"
"23641509","caldasia"," ","",0,"","2000-01-01T00:00:00Z"," ","23641509"
"23641921","caldasia"," ","",0,"","2009-01-01T00:00:00Z"," ","23641921"
"23641756","caldasia"," ","",0,"","2006-01-01T00:00:00Z"," ","23641756"
"23642125","caldasia"," ","",0,"","2009-01-01T00:00:00Z"," ","23642125"
"90007904","caldasia"," ","",0,"","2013-01-01T00:00:00Z"," ","90007904"
"23641396","caldasia"," ","",0,"","1991-01-01T00:00:00Z"," ","23641396"
"23642010","caldasia"," ","",0,"","2010-01-01T00:00:00Z"," ","23642010"
"23641990","caldasia"," ","",0,"","2012-01-01T00:00:00Z"," ","23641990"
"23641793","caldasia"," ","",0,"","2004-01-01T00:00:00Z"," ","23641793"
"23641963","caldasia"," ","",0,"","2012-01-01T00:00:00Z"," ","23641963"
"23642132","caldasia"," ","",0,"","2009-01-01T00:00:00Z"," ","23642132"
"23641700","caldasia"," ","",0,"","2002-01-01T00:00:00Z"," ","23641700"
"23642038","caldasia"," ","",0,"","2011-01-01T00:00:00Z"," ","23642038"
"23641899","caldasia"," ","",0,"","2008-01-01T00:00:00Z"," ","23641899"
"44241978","caldasia"," ","",0,"","1997-01-01T00:00:00Z"," ","44241978"
"90008407","caldasia"," ","",0,"","2015-01-01T00:00:00Z"," ","90008407"
"23642048","caldasia"," ","",0,"","2008-01-01T00:00:00Z"," ","23642048"
"90008385","caldasia"," ","",0,"","2014-01-01T00:00:00Z"," ","90008385"
"90007902","caldasia"," ","",0,"","2013-01-01T00:00:00Z"," ","90007902"
"90008409","caldasia"," ","",0,"","2015-01-01T00:00:00Z"," ","90008409"
"23641776","caldasia"," ","",0,"","2007-01-01T00:00:00Z"," ","23641776"
"23641744","caldasia"," ","",0,"","2006-01-01T00:00:00Z"," ","23641744"
"90008630","caldasia"," ","",0,"","2016-01-01T00:00:00Z"," ","90008630"
"23641789","caldasia"," ","",0,"","2004-01-01T00:00:00Z"," ","23641789"
"23641625","caldasia"," ","",0,"","2006-01-01T00:00:00Z"," ","23641625"
"23641795","caldasia"," ","",0,"","2004-01-01T00:00:00Z"," ","23641795"
"23641941","caldasia"," ","",0,"","2010-01-01T00:00:00Z"," ","23641941"
"23641547","caldasia"," ","",0,"","2000-01-01T00:00:00Z"," ","23641547"
"23641920","caldasia"," ","",0,"","2009-01-01T00:00:00Z"," ","23641920"
"23641624","caldasia"," ","",0,"","2006-01-01T00:00:00Z"," ","23641624"
"90009025","caldasia"," ","",0,"","2017-01-01T00:00:00Z"," ","90009025"
"23641983","caldasia"," ","",0,"","2012-01-01T00:00:00Z"," ","23641983"
"23641621","caldasia"," ","",0,"","2006-01-01T00:00:00Z"," ","23641621"
"23641201","caldasia"," ","",0,"","1969-01-01T00:00:00Z"," ","23641201"
"23641839","caldasia"," ","",0,"","2004-01-01T00:00:00Z"," ","23641839"
"43406115","caldasia"," ","",0,"","1986-01-01T00:00:00Z"," ","43406115"
"23641307","caldasia"," ","",0,"","1993-01-01T00:00:00Z"," ","23641307"
"23641240","caldasia"," ","",0,"","1998-01-01T00:00:00Z"," ","23641240"
"43406049","caldasia"," ","",0,"","1976-01-01T00:00:00Z"," ","43406049"
"90008366","caldasia"," ","",0,"","2014-01-01T00:00:00Z"," ","90008366"
"23641915","caldasia"," ","",0,"","2009-01-01T00:00:00Z"," ","23641915"
"23641987","caldasia"," ","",0,"","2012-01-01T00:00:00Z"," ","23641987"
"23641823","caldasia"," ","",0,"","2001-01-01T00:00:00Z"," ","23641823"
"23642059","caldasia"," ","",0,"","2011-01-01T00:00:00Z"," ","23642059"
"23641826","caldasia"," ","",0,"","2001-01-01T00:00:00Z"," ","23641826"
"90008387","caldasia"," ","",0,"","2014-01-01T00:00:00Z"," ","90008387"
"90008902","caldasia"," ","",0,"","2016-01-01T00:00:00Z"," ","90008902"
"23641905","caldasia"," ","",0,"","2008-01-01T00:00:00Z"," ","23641905"
"23642036","caldasia"," ","",0,"","2011-01-01T00:00:00Z"," ","23642036"
"90008367","caldasia"," ","",0,"","2014-01-01T00:00:00Z"," ","90008367"
"23642012","caldasia"," ","",0,"","2010-01-01T00:00:00Z"," ","23642012"
"23642066","caldasia"," ","",0,"","2011-01-01T00:00:00Z"," ","23642066"
"23641924","caldasia"," ","",0,"","2009-01-01T00:00:00Z"," ","23641924"
"23641628","caldasia"," ","",0,"","2006-01-01T00:00:00Z"," ","23641628"
"43406034","caldasia"," ","",0,"","2001-01-01T00:00:00Z"," ","43406034"
"23641022","caldasia"," ","",0,"","1964-01-01T00:00:00Z"," ","23641022"
"90008346","caldasia"," ","",0,"","2013-01-01T00:00:00Z"," ","90008346"
"23642051","caldasia"," ","",0,"","2008-01-01T00:00:00Z"," ","23642051"
"23641944","caldasia"," ","",0,"","2010-01-01T00:00:00Z"," ","23641944"
"23641838","caldasia"," ","",0,"","2004-01-01T00:00:00Z"," ","23641838"
"23642053","caldasia"," ","",0,"","2008-01-01T00:00:00Z"," ","23642053"
"23641566","caldasia"," ","",0,"","1999-01-01T00:00:00Z"," ","23641566"
"23641791","caldasia"," ","",0,"","2004-01-01T00:00:00Z"," ","23641791"
"90007897","caldasia"," ","",0,"","2013-01-01T00:00:00Z"," ","90007897"
"90007899","caldasia"," ","",0,"","2013-01-01T00:00:00Z"," ","90007899"
"90008351","caldasia"," ","",0,"","2013-01-01T00:00:00Z"," ","90008351"
"90008901","caldasia"," ","",0,"","2016-01-01T00:00:00Z"," ","90008901"
"23641940","caldasia"," ","",0,"","2010-01-01T00:00:00Z"," ","23641940"
"90008378","caldasia"," ","",0,"","2014-01-01T00:00:00Z"," ","90008378"
"23641902","caldasia"," ","",0,"","2008-01-01T00:00:00Z"," ","23641902"
"23642131","caldasia"," ","",0,"","2009-01-01T00:00:00Z"," ","23642131"
"90008384","caldasia"," ","",0,"","2014-01-01T00:00:00Z"," ","90008384"
"23642052","caldasia"," ","",0,"","2008-01-01T00:00:00Z"," ","23642052"
"23641797","caldasia"," ","",0,"","2004-01-01T00:00:00Z"," ","23641797"
"23641985","caldasia"," ","",0,"","2012-01-01T00:00:00Z"," ","23641985"
"90008377","caldasia"," ","",0,"","2014-01-01T00:00:00Z"," ","90008377"
"90008609","caldasia"," ","",0,"","2015-01-01T00:00:00Z"," ","90008609"
"4540124","herpmono"," ","",0,"","2006-01-01T00:00:00Z"," ","4540124"
"40205467","herpmono"," ","",0,"","2008-01-01T00:00:00Z"," ","40205467"
"41058258","herpmono"," ","",0,"","2010-01-01T00:00:00Z"," ","41058258"
"4254458","econbota"," ","",0,"","1983-01-01T00:00:00Z"," ","4254458"
"41242926","econbota"," ","",0,"","2011-01-01T00:00:00Z"," ","41242926"
"4099192","aviandiseases"," ","",0,"","2005-01-01T00:00:00Z"," ","4099192"
"1592236","aviandiseases"," ","",0,"","1996-01-01T00:00:00Z"," ","1592236"
"23274077","aviandiseases"," ","",0,"","2012-01-01T00:00:00Z"," ","23274077"
"1593168","aviandiseases"," ","",0,"","2003-01-01T00:00:00Z"," ","1593168"
"40601113","aviandiseases"," ","",0,"","2010-01-01T00:00:00Z"," ","40601113"
"1590756","aviandiseases"," ","",0,"","1987-01-01T00:00:00Z"," ","1590756"
"1588785","aviandiseases"," ","",0,"","1972-01-01T00:00:00Z"," ","1588785"
"3240099","bryologist"," ","",0,"","1955-01-01T00:00:00Z"," ","3240099"
"43188700","bryologist"," ","",0,"","2013-01-01T00:00:00Z"," ","43188700"
"41289764","bryologist"," ","",0,"","2011-01-01T00:00:00Z"," ","41289764"
"40732256","bryologist"," ","",0,"","2010-01-01T00:00:00Z"," ","40732256"
"23321073","bryologist"," ","",0,"","2012-01-01T00:00:00Z"," ","23321073"
"4122193","americanjbotany"," ","",0,"","2002-01-01T00:00:00Z"," ","4122193"
"2440926","americanjbotany"," ","",0,"","1969-01-01T00:00:00Z"," ","2440926"
"41922344","americanjbotany"," ","",0,"","2008-01-01T00:00:00Z"," ","41922344"
"27793024","americanjbotany"," ","",0,"","2008-01-01T00:00:00Z"," ","27793024"
"27733463","americanjbotany"," ","",0,"","2009-01-01T00:00:00Z"," ","27733463"
"3558375","americanjbotany"," ","",0,"","2001-01-01T00:00:00Z"," ","3558375"
"20622029","americanjbotany"," ","",0,"","2010-01-01T00:00:00Z"," ","20622029"
"2444930","americanjbotany"," ","",0,"","1991-01-01T00:00:00Z"," ","2444930"
"2656741","americanjbotany"," ","",0,"","2000-01-01T00:00:00Z"," ","2656741"
"27975405","americanjbotany"," ","",0,"","2011-01-01T00:00:00Z"," ","27975405"
"27733372","americanjbotany"," ","",0,"","2007-01-01T00:00:00Z"," ","27733372"
"41480748","wilsjornit"," ","",0,"","2012-01-01T00:00:00Z"," ","41480748"
"20455987","wilsjornit"," ","",0,"","2007-01-01T00:00:00Z"," ","20455987"
"23324565","wilsjornit"," ","",0,"","2012-01-01T00:00:00Z"," ","23324565"
"23016120","intecompbiol"," ","",0,"","2011-01-01T00:00:00Z"," ","23016120"
"4151060","condor"," ","",0,"","2004-01-01T00:00:00Z"," ","4151060"
"1362690","condor"," ","",0,"","1918-01-01T00:00:00Z"," ","1362690"
"1366759","condor"," ","",0,"","1975-01-01T00:00:00Z"," ","1366759"
"1367265","condor"," ","",0,"","1983-01-01T00:00:00Z"," ","1367265"
"40072328","condor"," ","",0,"","2007-01-01T00:00:00Z"," ","40072328"
"1368818","condor"," ","",0,"","1992-01-01T00:00:00Z"," ","1368818"
"40072331","condor"," ","",0,"","2007-01-01T00:00:00Z"," ","40072331"
"1369527","condor"," ","",0,"","1995-01-01T00:00:00Z"," ","1369527"
"1367559","condor"," ","",0,"","1980-01-01T00:00:00Z"," ","1367559"
"40928127","globecolbiog"," ","",0,"","2010-01-01T00:00:00Z"," ","40928127"
"41239410","globecolbiog"," ","",0,"","2011-01-01T00:00:00Z"," ","41239410"
"3182725","globecolbiog"," ","",0,"","2002-01-01T00:00:00Z"," ","3182725"
"41760171","selbyana"," ","",0,"","2005-01-01T00:00:00Z"," ","41760171"
"41759906","selbyana"," ","",0,"","1995-01-01T00:00:00Z"," ","41759906"
"41760151","selbyana"," ","",0,"","2004-01-01T00:00:00Z"," ","41760151"
"41760280","selbyana"," ","",0,"","2006-01-01T00:00:00Z"," ","41760280"
"41760291","selbyana"," ","",0,"","2007-01-01T00:00:00Z"," ","41760291"
"41760150","selbyana"," ","",0,"","2004-01-01T00:00:00Z"," ","41760150"
"41760123","selbyana"," ","",0,"","2002-01-01T00:00:00Z"," ","41760123"
"1552063","arctalpirese"," ","",0,"","1995-01-01T00:00:00Z"," ","1552063"
"1552062","arctalpirese"," ","",0,"","1995-01-01T00:00:00Z"," ","1552062"
"42608540","commforerevi"," ","",0,"","1992-01-01T00:00:00Z"," ","42608540"
"43215734","jcoasrese"," ","",0,"","2013-01-01T00:00:00Z"," ","43215734"
"40065146","jcoasrese"," ","",0,"","2008-01-01T00:00:00Z"," ","40065146"
"44177191","jcoasrese"," ","",0,"","2017-01-01T00:00:00Z"," ","44177191"
"4300196","jcoasrese"," ","",0,"","2001-01-01T00:00:00Z"," ","4300196"
"25737404","jcoasrese"," ","",0,"","2005-01-01T00:00:00Z"," ","25737404"
"43598465","jcoasrese"," ","",0,"","2015-01-01T00:00:00Z"," ","43598465"
"43752602","jcoasrese"," ","",0,"","2016-01-01T00:00:00Z"," ","43752602"
"44072524","jcoasrese"," ","",0,"","2017-01-01T00:00:00Z"," ","44072524"
"43291012","jcoasrese"," ","",0,"","2014-01-01T00:00:00Z"," ","43291012"
"43752201","jcoasrese"," ","",0,"","2016-01-01T00:00:00Z"," ","43752201"
"44028223","jcoasrese"," ","",0,"","2016-01-01T00:00:00Z"," ","44028223"
"25743041","jcoasrese"," ","",0,"","2006-01-01T00:00:00Z"," ","25743041"
"43784295","jcoasrese"," ","",0,"","2016-01-01T00:00:00Z"," ","43784295"
"43290055","jcoasrese"," ","",0,"","2014-01-01T00:00:00Z"," ","43290055"
"43385532","jcoasrese"," ","",0,"","2015-01-01T00:00:00Z"," ","43385532"
"20143984","jappliedecology"," ","",0,"","2008-01-01T00:00:00Z"," ","20143984"
"2405188","jappliedecology"," ","",0,"","1998-01-01T00:00:00Z"," ","2405188"
"43576729","annabota"," ","",0,"","2010-01-01T00:00:00Z"," ","43576729"
"43576303","annabota"," ","",0,"","2009-01-01T00:00:00Z"," ","43576303"
"42771437","annabota"," ","",0,"","2002-01-01T00:00:00Z"," ","42771437"
"42773821","annabota"," ","",0,"","2000-01-01T00:00:00Z"," ","42773821"
"42759294","annabota"," ","",0,"","1992-01-01T00:00:00Z"," ","42759294"
"42795796","annabota"," ","",0,"","2004-01-01T00:00:00Z"," ","42795796"
"4315069","ambio"," ","",0,"","2000-01-01T00:00:00Z"," ","4315069"
"4313827","ambio"," ","",0,"","1991-01-01T00:00:00Z"," ","4313827"
"4315688","ambio"," ","",0,"","2006-01-01T00:00:00Z"," ","4315688"
"41416784","ecolappl"," ","",0,"","2012-01-01T00:00:00Z"," ","41416784"
"4493638","ecolappl"," ","",0,"","2004-01-01T00:00:00Z"," ","4493638"
"3061052","ecolappl"," ","",0,"","2001-01-01T00:00:00Z"," ","3061052"
"25741346","ecolappl"," ","",0,"","2010-01-01T00:00:00Z"," ","25741346"
"41416782","ecolappl"," ","",0,"","2012-01-01T00:00:00Z"," ","41416782"
"29779680","ecolappl"," ","",0,"","2011-01-01T00:00:00Z"," ","29779680"
"41416662","ecolappl"," ","",0,"","2011-01-01T00:00:00Z"," ","41416662"
"40062111","ecolappl"," ","",0,"","2008-01-01T00:00:00Z"," ","40062111"
"3696931","divedist"," ","",0,"","2005-01-01T00:00:00Z"," ","3696931"
"20172062","divedist"," ","",0,"","2008-01-01T00:00:00Z"," ","20172062"
"3668598","systgeogplan"," ","",0,"","1999-01-01T00:00:00Z"," ","3668598"
"1563202","jherpetology"," ","",0,"","1973-01-01T00:00:00Z"," ","1563202"
"1565606","jherpetology"," ","",0,"","1997-01-01T00:00:00Z"," ","1565606"
"25599236","jherpetology"," ","",0,"","2009-01-01T00:00:00Z"," ","25599236"
"1566112","jherpetology"," ","",0,"","2001-01-01T00:00:00Z"," ","1566112"
"43287348","jherpetology"," ","",0,"","2013-01-01T00:00:00Z"," ","43287348"
"1565452","jherpetology"," ","",0,"","1998-01-01T00:00:00Z"," ","1565452"
"43287322","jherpetology"," ","",0,"","2013-01-01T00:00:00Z"," ","43287322"
"1564282","jherpetology"," ","",0,"","1990-01-01T00:00:00Z"," ","1564282"
"1566109","jherpetology"," ","",0,"","2001-01-01T00:00:00Z"," ","1566109"
"1565391","jherpetology"," ","",0,"","1997-01-01T00:00:00Z"," ","1565391"
"1565828","jherpetology"," ","",0,"","2003-01-01T00:00:00Z"," ","1565828"
"25599180","jherpetology"," ","",0,"","2009-01-01T00:00:00Z"," ","25599180"
"41549395","procbiolscie"," ","",0,"","2012-01-01T00:00:00Z"," ","41549395"
"41314950","procbiolscie"," ","",0,"","2011-01-01T00:00:00Z"," ","41314950"
"25223923","procbiolscie"," ","",0,"","2007-01-01T00:00:00Z"," ","25223923"
"1547225","americanfernj"," ","",0,"","1998-01-01T00:00:00Z"," ","1547225"
"20046299","vegetatio"," ","",0,"","1993-01-01T00:00:00Z"," ","20046299"
"20046642","vegetatio"," ","",0,"","1995-01-01T00:00:00Z"," ","20046642"
"20046612","vegetatio"," ","",0,"","1995-01-01T00:00:00Z"," ","20046612"
"20038676","vegetatio"," ","",0,"","1990-01-01T00:00:00Z"," ","20038676"
"20046598","vegetatio"," ","",0,"","1995-01-01T00:00:00Z"," ","20046598"
"20046500","vegetatio"," ","",0,"","1994-01-01T00:00:00Z"," ","20046500"
"4161672","wilsbull"," ","",0,"","1982-01-01T00:00:00Z"," ","4161672"
"4162100","wilsbull"," ","",0,"","1985-01-01T00:00:00Z"," ","4162100"
"4162229","wilsbull"," ","",0,"","1986-01-01T00:00:00Z"," ","4162229"
"20621958","jkansentosoci"," ","",0,"","2009-01-01T00:00:00Z"," ","20621958"
"25086382","jkansentosoci"," ","",0,"","2007-01-01T00:00:00Z"," ","25086382"
"42948180","plantandsoil"," ","",0,"","1997-01-01T00:00:00Z"," ","42948180"
"42951072","plantandsoil"," ","",0,"","2001-01-01T00:00:00Z"," ","42951072"
"42938922","plantandsoil"," ","",0,"","1993-01-01T00:00:00Z"," ","42938922"
"42935038","plantandsoil"," ","",0,"","1985-01-01T00:00:00Z"," ","42935038"
"42947931","plantandsoil"," ","",0,"","1997-01-01T00:00:00Z"," ","42947931"
"42939116","plantandsoil"," ","",0,"","1987-01-01T00:00:00Z"," ","42939116"
"24128548","plantandsoil"," ","",0,"","2003-01-01T00:00:00Z"," ","24128548"
"42934778","plantandsoil"," ","",0,"","1985-01-01T00:00:00Z"," ","42934778"
"24122626","plantandsoil"," ","",0,"","2002-01-01T00:00:00Z"," ","24122626"
"42934402","plantandsoil"," ","",0,"","1983-01-01T00:00:00Z"," ","42934402"
"42934460","plantandsoil"," ","",0,"","1983-01-01T00:00:00Z"," ","42934460"
"42939539","plantandsoil"," ","",0,"","1994-01-01T00:00:00Z"," ","42939539"
"42938917","plantandsoil"," ","",0,"","1993-01-01T00:00:00Z"," ","42938917"
"42934333","plantandsoil"," ","",0,"","1983-01-01T00:00:00Z"," ","42934333"
"42951946","plantandsoil"," ","",0,"","2001-01-01T00:00:00Z"," ","42951946"
"24125256","plantandsoil"," ","",0,"","2006-01-01T00:00:00Z"," ","24125256"
"42938029","plantandsoil"," ","",0,"","1992-01-01T00:00:00Z"," ","42938029"
"42949658","plantandsoil"," ","",0,"","1999-01-01T00:00:00Z"," ","42949658"
"42949408","plantandsoil"," ","",0,"","1997-01-01T00:00:00Z"," ","42949408"
"42946491","plantandsoil"," ","",0,"","1996-01-01T00:00:00Z"," ","42946491"
"42938923","plantandsoil"," ","",0,"","1993-01-01T00:00:00Z"," ","42938923"
"42938176","plantandsoil"," ","",0,"","1992-01-01T00:00:00Z"," ","42938176"
"42934706","plantandsoil"," ","",0,"","1984-01-01T00:00:00Z"," ","42934706"
"42951177","plantandsoil"," ","",0,"","2001-01-01T00:00:00Z"," ","42951177"
"42936102","plantandsoil"," ","",0,"","1987-01-01T00:00:00Z"," ","42936102"
"42951580","plantandsoil"," ","",0,"","2004-01-01T00:00:00Z"," ","42951580"
"42934141","plantandsoil"," ","",0,"","1982-01-01T00:00:00Z"," ","42934141"
"3495771","florento"," ","",0,"","1997-01-01T00:00:00Z"," ","3495771"
"3495736","florento"," ","",0,"","1993-01-01T00:00:00Z"," ","3495736"
"3496626","florento"," ","",0,"","2005-01-01T00:00:00Z"," ","3496626"
"3496542","florento"," ","",0,"","2005-01-01T00:00:00Z"," ","3496542"
"3496468","florento"," ","",0,"","1999-01-01T00:00:00Z"," ","3496468"
"3496391","florento"," ","",0,"","2001-01-01T00:00:00Z"," ","3496391"
"41336449","florento"," ","",0,"","2011-01-01T00:00:00Z"," ","41336449"
"24722587","florento"," ","",0,"","2014-01-01T00:00:00Z"," ","24722587"
"3495842","florento"," ","",0,"","1999-01-01T00:00:00Z"," ","3495842"
"3495621","florento"," ","",0,"","1992-01-01T00:00:00Z"," ","3495621"
"3495337","florento"," ","",0,"","1990-01-01T00:00:00Z"," ","3495337"
"3496736","florento"," ","",0,"","2004-01-01T00:00:00Z"," ","3496736"
"3496543","florento"," ","",0,"","2005-01-01T00:00:00Z"," ","3496543"
"41759135","florento"," ","",0,"","2012-01-01T00:00:00Z"," ","41759135"
"23048223","florento"," ","",0,"","2011-01-01T00:00:00Z"," ","23048223"
"1548028","jcrusbiol"," ","",0,"","1984-01-01T00:00:00Z"," ","1548028"
"1549579","jcrusbiol"," ","",0,"","2001-01-01T00:00:00Z"," ","1549579"
"1549504","jcrusbiol"," ","",0,"","2000-01-01T00:00:00Z"," ","1549504"
"4540293","jcrusbiol"," ","",0,"","2007-01-01T00:00:00Z"," ","4540293"
"23383316","planta"," ","",0,"","1995-01-01T00:00:00Z"," ","23383316"
"40537935","planphys"," ","",0,"","2009-01-01T00:00:00Z"," ","40537935"
"4279774","planphys"," ","",0,"","2001-01-01T00:00:00Z"," ","4279774"
"4274887","planphys"," ","",0,"","1992-01-01T00:00:00Z"," ","4274887"
"4279820","planphys"," ","",0,"","2001-01-01T00:00:00Z"," ","4279820"
"40066262","planphys"," ","",0,"","2008-01-01T00:00:00Z"," ","40066262"
"4629769","planphys"," ","",0,"","2005-01-01T00:00:00Z"," ","4629769"
"2462776","amernatu"," ","",0,"","1992-01-01T00:00:00Z"," ","2462776"
"2456429","amernatu"," ","",0,"","1923-01-01T00:00:00Z"," ","2456429"
"826635","funcecol"," ","",0,"","2002-01-01T00:00:00Z"," ","826635"
"1513773","newphytologist"," ","",0,"","2002-01-01T00:00:00Z"," ","1513773"
"4627189","newphytologist"," ","",0,"","2007-01-01T00:00:00Z"," ","4627189"
"2433996","newphytologist"," ","",0,"","1982-01-01T00:00:00Z"," ","2433996"
"41320464","newphytologist"," ","",0,"","2011-01-01T00:00:00Z"," ","41320464"
"1538858","biolbull"," ","",0,"","1959-01-01T00:00:00Z"," ","1538858"
"1538859","biolbull"," ","",0,"","1959-01-01T00:00:00Z"," ","1538859"
"1539449","biolbull"," ","",0,"","1961-01-01T00:00:00Z"," ","1539449"