"25065688","taxon"," ","",0,"","2006-01-01T00:00:00Z"," ","25065688"
"41317236","taxon"," ","",0,"","2011-01-01T00:00:00Z"," ","41317236"
"43739700","inteforerevi"," ","",0,"","2008-01-01T00:00:00Z"," ","43739700"
"24310580","inteforerevi"," ","",0,"","2010-01-01T00:00:00Z"," ","24310580"
"43739696","inteforerevi"," ","",0,"","2008-01-01T00:00:00Z"," ","43739696"
"24310710","inteforerevi"," ","",0,"","2011-01-01T00:00:00Z"," ","24310710"
"24310765","inteforerevi"," ","",0,"","2011-01-01T00:00:00Z"," ","24310765"
"90008062","auk"," ","",0,"","2014-01-01T00:00:00Z"," ","90008062"
"4090305","auk"," ","",0,"","2004-01-01T00:00:00Z"," ","4090305"
"25098417","jcoascons"," ","",0,"","2003-01-01T00:00:00Z"," ","25098417"
"23787302","cereresecomm"," ","",0,"","2004-01-01T00:00:00Z"," ","23787302"
"23786112","cereresecomm"," ","",0,"","2001-01-01T00:00:00Z"," ","23786112"
"23783861","cereresecomm"," ","",0,"","1993-01-01T00:00:00Z"," ","23783861"
"3536765","nortnatu"," ","",0,"","1994-01-01T00:00:00Z"," ","3536765"
"3514710","palaios"," ","",0,"","1986-01-01T00:00:00Z"," ","3514710"
"3224494","tranamermicrsoci"," ","",0,"","1969-01-01T00:00:00Z"," ","3224494"
"4129852","jarachnology"," ","",0,"","2005-01-01T00:00:00Z"," ","4129852"
"20798584","jarachnology"," ","",0,"","2010-01-01T00:00:00Z"," ","20798584"
"41804569","jarachnology"," ","",0,"","2012-01-01T00:00:00Z"," ","41804569"
"25434337","jarachnology"," ","",0,"","2008-01-01T00:00:00Z"," ","25434337"
"23610255","jarachnology"," ","",0,"","2013-01-01T00:00:00Z"," ","23610255"
"23070784","jarachnology"," ","",0,"","2011-01-01T00:00:00Z"," ","23070784"
"3706275","jarachnology"," ","",0,"","2002-01-01T00:00:00Z"," ","3706275"
"23070790","jarachnology"," ","",0,"","2011-01-01T00:00:00Z"," ","23070790"
"4129825","jarachnology"," ","",0,"","2005-01-01T00:00:00Z"," ","4129825"
"2559240","jtropicalecology"," ","",0,"","1985-01-01T00:00:00Z"," ","2559240"
"2559449","jtropicalecology"," ","",0,"","1985-01-01T00:00:00Z"," ","2559449"
"2559251","jtropicalecology"," ","",0,"","1986-01-01T00:00:00Z"," ","2559251"
"4091943","jtropicalecology"," ","",0,"","2004-01-01T00:00:00Z"," ","4091943"
"40925453","jtropicalecology"," ","",0,"","2010-01-01T00:00:00Z"," ","40925453"
"2560288","jtropicalecology"," ","",0,"","1997-01-01T00:00:00Z"," ","2560288"
"2559712","jtropicalecology"," ","",0,"","1985-01-01T00:00:00Z"," ","2559712"
"2559854","jtropicalecology"," ","",0,"","1986-01-01T00:00:00Z"," ","2559854"
"2559748","jtropicalecology"," ","",0,"","1992-01-01T00:00:00Z"," ","2559748"
"2559252","jtropicalecology"," ","",0,"","1986-01-01T00:00:00Z"," ","2559252"
"40925441","jtropicalecology"," ","",0,"","2010-01-01T00:00:00Z"," ","40925441"
"2559813","jtropicalecology"," ","",0,"","1992-01-01T00:00:00Z"," ","2559813"
"23264764","plantcell"," ","",0,"","2012-01-01T00:00:00Z"," ","23264764"
"20051260","plantecology"," ","",0,"","2002-01-01T00:00:00Z"," ","20051260"
"20051146","plantecology"," ","",0,"","2001-01-01T00:00:00Z"," ","20051146"
"4044999","weedscience"," ","",0,"","1989-01-01T00:00:00Z"," ","4044999"
"4046065","weedscience"," ","",0,"","1998-01-01T00:00:00Z"," ","4046065"
"4043702","weedscience"," ","",0,"","1983-01-01T00:00:00Z"," ","4043702"
"27715221","jfielorni"," ","",0,"","2007-01-01T00:00:00Z"," ","27715221"
"27806885","ecolmono"," ","",0,"","2010-01-01T00:00:00Z"," ","27806885"
"27646104","ecolmono"," ","",0,"","2007-01-01T00:00:00Z"," ","27646104"
"42685400","phytmedi"," ","",0,"","2013-01-01T00:00:00Z"," ","42685400"
"3218478","brittonia"," ","",0,"","2002-01-01T00:00:00Z"," ","3218478"
"1468971","biogeochemistry"," ","",0,"","1996-01-01T00:00:00Z"," ","1468971"
"1469972","biogeochemistry"," ","",0,"","2003-01-01T00:00:00Z"," ","1469972"
"1469070","biogeochemistry"," ","",0,"","1997-01-01T00:00:00Z"," ","1469070"
"1469105","biogeochemistry"," ","",0,"","1997-01-01T00:00:00Z"," ","1469105"
"3781579","wildsocibull"," ","",0,"","1981-01-01T00:00:00Z"," ","3781579"
"3782642","wildsocibull"," ","",0,"","1989-01-01T00:00:00Z"," ","3782642"
"1448485","copeia"," ","",0,"","2004-01-01T00:00:00Z"," ","1448485"
"1447982","copeia"," ","",0,"","1999-01-01T00:00:00Z"," ","1447982"
"1446355","copeia"," ","",0,"","1990-01-01T00:00:00Z"," ","1446355"
"1444021","copeia"," ","",0,"","1980-01-01T00:00:00Z"," ","1444021"
"2409621","evolution"," ","",0,"","1990-01-01T00:00:00Z"," ","2409621"
"2407450","evolution"," ","",0,"","1977-01-01T00:00:00Z"," ","2407450"
"3449484","evolution"," ","",0,"","2004-01-01T00:00:00Z"," ","3449484"
"4218763","oecologia"," ","",0,"","1988-01-01T00:00:00Z"," ","4218763"
"4215550","oecologia"," ","",0,"","1978-01-01T00:00:00Z"," ","4215550"
"4222636","oecologia"," ","",0,"","2000-01-01T00:00:00Z"," ","4222636"
"4215655","oecologia"," ","",0,"","1978-01-01T00:00:00Z"," ","4215655"
"4215755","oecologia"," ","",0,"","1979-01-01T00:00:00Z"," ","4215755"
"4219722","oecologia"," ","",0,"","1991-01-01T00:00:00Z"," ","4219722"
"4217058","oecologia"," ","",0,"","1983-01-01T00:00:00Z"," ","4217058"
"4215756","oecologia"," ","",0,"","1979-01-01T00:00:00Z"," ","4215756"
"4217599","oecologia"," ","",0,"","1985-01-01T00:00:00Z"," ","4217599"
"4215670","oecologia"," ","",0,"","1978-01-01T00:00:00Z"," ","4215670"
"4216096","oecologia"," ","",0,"","1980-01-01T00:00:00Z"," ","4216096"
"4219351","oecologia"," ","",0,"","1990-01-01T00:00:00Z"," ","4219351"
"4219146","oecologia"," ","",0,"","1989-01-01T00:00:00Z"," ","4219146"
"4223430","oecologia"," ","",0,"","2002-01-01T00:00:00Z"," ","4223430"
"4219443","oecologia"," ","",0,"","1990-01-01T00:00:00Z"," ","4219443"
"4215437","oecologia"," ","",0,"","1977-01-01T00:00:00Z"," ","4215437"
"4217704","oecologia"," ","",0,"","1985-01-01T00:00:00Z"," ","4217704"
"4217455","oecologia"," ","",0,"","1984-01-01T00:00:00Z"," ","4217455"
"4217096","oecologia"," ","",0,"","1983-01-01T00:00:00Z"," ","4217096"
"4214847","oecologia"," ","",0,"","1973-01-01T00:00:00Z"," ","4214847"
"4216943","oecologia"," ","",0,"","1983-01-01T00:00:00Z"," ","4216943"
"23334137","histphillifescie"," ","",0,"","2006-01-01T00:00:00Z"," ","23334137"
"2997396","globecolbioglett"," ","",0,"","1996-01-01T00:00:00Z"," ","2997396"
"41464498","humanbiology"," ","",0,"","1993-01-01T00:00:00Z"," ","41464498"
"23034888","ecology"," ","",0,"","2011-01-01T00:00:00Z"," ","23034888"
"1934531","ecology"," ","",0,"","1967-01-01T00:00:00Z"," ","1934531"
"20069275","ecology"," ","",0,"","2006-01-01T00:00:00Z"," ","20069275"
"27650987","ecology"," ","",0,"","2009-01-01T00:00:00Z"," ","27650987"
"20788115","ecology"," ","",0,"","2010-01-01T00:00:00Z"," ","20788115"
"27650748","ecology"," ","",0,"","2008-01-01T00:00:00Z"," ","27650748"
"3450386","ecology"," ","",0,"","2004-01-01T00:00:00Z"," ","3450386"
"25661066","ecology"," ","",0,"","2010-01-01T00:00:00Z"," ","25661066"
"3450577","ecology"," ","",0,"","2004-01-01T00:00:00Z"," ","3450577"
"3450877","ecology"," ","",0,"","2005-01-01T00:00:00Z"," ","3450877"
"23436271","ecology"," ","",0,"","2013-01-01T00:00:00Z"," ","23436271"
"1935616","ecology"," ","",0,"","1977-01-01T00:00:00Z"," ","1935616"
"1934530","ecology"," ","",0,"","1967-01-01T00:00:00Z"," ","1934530"
"41151235","ecology"," ","",0,"","2011-01-01T00:00:00Z"," ","41151235"
"1934057","ecology"," ","",0,"","1970-01-01T00:00:00Z"," ","1934057"
"27650757","ecology"," ","",0,"","2008-01-01T00:00:00Z"," ","27650757"
"177256","ecology"," ","",0,"","1999-01-01T00:00:00Z"," ","177256"
"23596942","ecology"," ","",0,"","2013-01-01T00:00:00Z"," ","23596942"
"76120","procroyasocilon2"," ","",0,"","1973-01-01T00:00:00Z"," ","76120"
"49477","procroyasocilon2"," ","",0,"","1990-01-01T00:00:00Z"," ","49477"
"77134","procroyasocilon2"," ","",0,"","1977-01-01T00:00:00Z"," ","77134"
"20112473","ecologicalbull"," ","",0,"","1975-01-01T00:00:00Z"," ","20112473"
"4296825","invitrcelldeve"," ","",0,"","1992-01-01T00:00:00Z"," ","4296825"
"3987498","weedtechnology"," ","",0,"","1990-01-01T00:00:00Z"," ","3987498"
"3988522","weedtechnology"," ","",0,"","2000-01-01T00:00:00Z"," ","3988522"
"2258744","jecology"," ","",0,"","1975-01-01T00:00:00Z"," ","2258744"
"2259223","jecology"," ","",0,"","1979-01-01T00:00:00Z"," ","2259223"
"2258731","jecology"," ","",0,"","1975-01-01T00:00:00Z"," ","2258731"
"23027656","jecology"," ","",0,"","2011-01-01T00:00:00Z"," ","23027656"
"2257195","jecology"," ","",0,"","1962-01-01T00:00:00Z"," ","2257195"
"4495963","jecology"," ","",0,"","2007-01-01T00:00:00Z"," ","4495963"
"27754328","jecology"," ","",0,"","2009-01-01T00:00:00Z"," ","27754328"
"2257204","jecology"," ","",0,"","1962-01-01T00:00:00Z"," ","2257204"
"40929048","jecology"," ","",0,"","2010-01-01T00:00:00Z"," ","40929048"
"40985563","systematicbotany"," ","",0,"","2010-01-01T00:00:00Z"," ","40985563"
"2666711","systematicbotany"," ","",0,"","2001-01-01T00:00:00Z"," ","2666711"
"25064020","systematicbotany"," ","",0,"","2004-01-01T00:00:00Z"," ","25064020"
"4623","janimalecology"," ","",0,"","1985-01-01T00:00:00Z"," ","4623"
"3883","janimalecology"," ","",0,"","1976-01-01T00:00:00Z"," ","3883"
"5462","janimalecology"," ","",0,"","1991-01-01T00:00:00Z"," ","5462"
"27696357","janimalecology"," ","",0,"","2009-01-01T00:00:00Z"," ","27696357"
"20143254","janimalecology"," ","",0,"","2008-01-01T00:00:00Z"," ","20143254"
"1424","janimalecology"," ","",0,"","1940-01-01T00:00:00Z"," ","1424"
"5883","janimalecology"," ","",0,"","1996-01-01T00:00:00Z"," ","5883"
"4569","janimalecology"," ","",0,"","1983-01-01T00:00:00Z"," ","4569"
"4110","janimalecology"," ","",0,"","1979-01-01T00:00:00Z"," ","4110"
"2693518","janimalecology"," ","",0,"","2002-01-01T00:00:00Z"," ","2693518"
"1557","janimalecology"," ","",0,"","1946-01-01T00:00:00Z"," ","1557"
"3801","janimalecology"," ","",0,"","1978-01-01T00:00:00Z"," ","3801"
"3759058","mycologia"," ","",0,"","1979-01-01T00:00:00Z"," ","3759058"
"3761976","mycologia"," ","",0,"","2003-01-01T00:00:00Z"," ","3761976"
"3761220","mycologia"," ","",0,"","1998-01-01T00:00:00Z"," ","3761220"
"20619281","mycologia"," ","",0,"","2010-01-01T00:00:00Z"," ","20619281"
"24315525","procfloracadscie"," ","",0,"","1936-01-01T00:00:00Z"," ","24315525"
"3554824","jbiogeography"," ","",0,"","2004-01-01T00:00:00Z"," ","3554824"
"3037968","jbiogeography"," ","",0,"","1974-01-01T00:00:00Z"," ","3037968"
"2845056","jbiogeography"," ","",0,"","1988-01-01T00:00:00Z"," ","2845056"
"2845587","jbiogeography"," ","",0,"","1993-01-01T00:00:00Z"," ","2845587"
"3554514","jbiogeography"," ","",0,"","2003-01-01T00:00:00Z"," ","3554514"
"3554753","jbiogeography"," ","",0,"","2004-01-01T00:00:00Z"," ","3554753"
"827592","jbiogeography"," ","",0,"","2001-01-01T00:00:00Z"," ","827592"
"827484","jbiogeography"," ","",0,"","2002-01-01T00:00:00Z"," ","827484"
"40929016","jbiogeography"," ","",0,"","2010-01-01T00:00:00Z"," ","40929016"
"2845275","jbiogeography"," ","",0,"","1988-01-01T00:00:00Z"," ","2845275"
"25654299","jbiogeography"," ","",0,"","2010-01-01T00:00:00Z"," ","25654299"
"2361768","procnatiacadscie"," ","",0,"","1993-01-01T00:00:00Z"," ","2361768"
"30048575","procnatiacadscie"," ","",0,"","2006-01-01T00:00:00Z"," ","30048575"
"2358510","procnatiacadscie"," ","",0,"","1992-01-01T00:00:00Z"," ","2358510"
"25450132","procnatiacadscie"," ","",0,"","2007-01-01T00:00:00Z"," ","25450132"
"41314","procnatiacadscie"," ","",0,"","1997-01-01T00:00:00Z"," ","41314"
"62965","procnatiacadscie"," ","",0,"","1973-01-01T00:00:00Z"," ","62965"
"30630","procnatiacadscie"," ","",0,"","1987-01-01T00:00:00Z"," ","30630"
"47052","procnatiacadscie"," ","",0,"","1999-01-01T00:00:00Z"," ","47052"
"12158","procnatiacadscie"," ","",0,"","1982-01-01T00:00:00Z"," ","12158"
"2353927","procnatiacadscie"," ","",0,"","1990-01-01T00:00:00Z"," ","2353927"
"42712471","procnatiacadscie"," ","",0,"","2013-01-01T00:00:00Z"," ","42712471"
"41603044","procnatiacadscie"," ","",0,"","2012-01-01T00:00:00Z"," ","41603044"
"2356895","procnatiacadscie"," ","",0,"","1991-01-01T00:00:00Z"," ","2356895"
"40455146","procnatiacadscie"," ","",0,"","2009-01-01T00:00:00Z"," ","40455146"
"45509","procnatiacadscie"," ","",0,"","1998-01-01T00:00:00Z"," ","45509"
"2361640","procnatiacadscie"," ","",0,"","1993-01-01T00:00:00Z"," ","2361640"
"2361619","procnatiacadscie"," ","",0,"","1993-01-01T00:00:00Z"," ","2361619"
"2359053","procnatiacadscie"," ","",0,"","1992-01-01T00:00:00Z"," ","2359053"
"25427677","procnatiacadscie"," ","",0,"","2007-01-01T00:00:00Z"," ","25427677"
"46284","procnatiacadscie"," ","",0,"","1998-01-01T00:00:00Z"," ","46284"
"40483043","procnatiacadscie"," ","",0,"","2009-01-01T00:00:00Z"," ","40483043"
"23758328","procnatiacadscie"," ","",0,"","2013-01-01T00:00:00Z"," ","23758328"
"23772471","procnatiacadscie"," ","",0,"","2014-01-01T00:00:00Z"," ","23772471"
"2356336","procnatiacadscie"," ","",0,"","1991-01-01T00:00:00Z"," ","2356336"
"46934","procnatiacadscie"," ","",0,"","1999-01-01T00:00:00Z"," ","46934"
"44892","procnatiacadscie"," ","",0,"","1998-01-01T00:00:00Z"," ","44892"
"42712926","procnatiacadscie"," ","",0,"","2013-01-01T00:00:00Z"," ","42712926"
"42706512","procnatiacadscie"," ","",0,"","2013-01-01T00:00:00Z"," ","42706512"
"29873","procnatiacadscie"," ","",0,"","1987-01-01T00:00:00Z"," ","29873"
"2358993","procnatiacadscie"," ","",0,"","1992-01-01T00:00:00Z"," ","2358993"
"57246","procnatiacadscie"," ","",0,"","1966-01-01T00:00:00Z"," ","57246"
"10015","procnatiacadscie"," ","",0,"","1981-01-01T00:00:00Z"," ","10015"
"25465606","procnatiacadscie"," ","",0,"","2008-01-01T00:00:00Z"," ","25465606"
"2368261","procnatiacadscie"," ","",0,"","1995-01-01T00:00:00Z"," ","2368261"
"30165","procnatiacadscie"," ","",0,"","1987-01-01T00:00:00Z"," ","30165"
"2356014","procnatiacadscie"," ","",0,"","1991-01-01T00:00:00Z"," ","2356014"
"33856","procnatiacadscie"," ","",0,"","1989-01-01T00:00:00Z"," ","33856"
"2354024","procnatiacadscie"," ","",0,"","1990-01-01T00:00:00Z"," ","2354024"
"2364591","procnatiacadscie"," ","",0,"","1994-01-01T00:00:00Z"," ","2364591"
"39217","procnatiacadscie"," ","",0,"","1996-01-01T00:00:00Z"," ","39217"
"2354124","procnatiacadscie"," ","",0,"","1990-01-01T00:00:00Z"," ","2354124"
"3054957","procnatiacadscie"," ","",0,"","2001-01-01T00:00:00Z"," ","3054957"
"23770508","procnatiacadscie"," ","",0,"","2014-01-01T00:00:00Z"," ","23770508"
"2367163","procnatiacadscie"," ","",0,"","1995-01-01T00:00:00Z"," ","2367163"
"2364057","procnatiacadscie"," ","",0,"","1994-01-01T00:00:00Z"," ","2364057"
"23761828","procnatiacadscie"," ","",0,"","2013-01-01T00:00:00Z"," ","23761828"
"2367670","procnatiacadscie"," ","",0,"","1995-01-01T00:00:00Z"," ","2367670"
"2356375","procnatiacadscie"," ","",0,"","1991-01-01T00:00:00Z"," ","2356375"
"30052158","procnatiacadscie"," ","",0,"","2006-01-01T00:00:00Z"," ","30052158"
"30048308","procnatiacadscie"," ","",0,"","2006-01-01T00:00:00Z"," ","30048308"
"23761827","procnatiacadscie"," ","",0,"","2013-01-01T00:00:00Z"," ","23761827"
"47633","procnatiacadscie"," ","",0,"","1999-01-01T00:00:00Z"," ","47633"
"2362779","procnatiacadscie"," ","",0,"","1993-01-01T00:00:00Z"," ","2362779"
"31230","procnatiacadscie"," ","",0,"","1988-01-01T00:00:00Z"," ","31230"
"34502","procnatiacadscie"," ","",0,"","1989-01-01T00:00:00Z"," ","34502"
"40429","procnatiacadscie"," ","",0,"","1996-01-01T00:00:00Z"," ","40429"
"25426662","procnatiacadscie"," ","",0,"","2007-01-01T00:00:00Z"," ","25426662"
"38743","procnatiacadscie"," ","",0,"","1996-01-01T00:00:00Z"," ","38743"
"43043290","procnatiacadscie"," ","",0,"","2014-01-01T00:00:00Z"," ","43043290"
"42342","procnatiacadscie"," ","",0,"","1997-01-01T00:00:00Z"," ","42342"
"34684","procnatiacadscie"," ","",0,"","1989-01-01T00:00:00Z"," ","34684"
"9846","procnatiacadscie"," ","",0,"","1981-01-01T00:00:00Z"," ","9846"
"42345","procnatiacadscie"," ","",0,"","1997-01-01T00:00:00Z"," ","42345"
"40537296","procnatiacadscie"," ","",0,"","2010-01-01T00:00:00Z"," ","40537296"
"3055648","procnatiacadscie"," ","",0,"","2001-01-01T00:00:00Z"," ","3055648"
"42710","procnatiacadscie"," ","",0,"","1997-01-01T00:00:00Z"," ","42710"
"2354259","procnatiacadscie"," ","",0,"","1990-01-01T00:00:00Z"," ","2354259"
"2358255","procnatiacadscie"," ","",0,"","1991-01-01T00:00:00Z"," ","2358255"
"25757032","procnatiacadscie"," ","",0,"","2010-01-01T00:00:00Z"," ","25757032"
"25592922","procnatiacadscie"," ","",0,"","2009-01-01T00:00:00Z"," ","25592922"
"2355904","procnatiacadscie"," ","",0,"","1991-01-01T00:00:00Z"," ","2355904"
"25665479","procnatiacadscie"," ","",0,"","2010-01-01T00:00:00Z"," ","25665479"
"2355363","procnatiacadscie"," ","",0,"","1990-01-01T00:00:00Z"," ","2355363"
"33248","procnatiacadscie"," ","",0,"","1989-01-01T00:00:00Z"," ","33248"
"2368083","procnatiacadscie"," ","",0,"","1995-01-01T00:00:00Z"," ","2368083"
"30051451","procnatiacadscie"," ","",0,"","2006-01-01T00:00:00Z"," ","30051451"
"40536090","procnatiacadscie"," ","",0,"","2009-01-01T00:00:00Z"," ","40536090"
"43189893","procnatiacadscie"," ","",0,"","2014-01-01T00:00:00Z"," ","43189893"
"39059","procnatiacadscie"," ","",0,"","1996-01-01T00:00:00Z"," ","39059"
"41830657","procnatiacadscie"," ","",0,"","2012-01-01T00:00:00Z"," ","41830657"
"3149007","procnatiacadscie"," ","",0,"","2003-01-01T00:00:00Z"," ","3149007"
"2360701","procnatiacadscie"," ","",0,"","1992-01-01T00:00:00Z"," ","2360701"
"23761826","procnatiacadscie"," ","",0,"","2013-01-01T00:00:00Z"," ","23761826"
"2355148","procnatiacadscie"," ","",0,"","1990-01-01T00:00:00Z"," ","2355148"
"68782","procnatiacadscie"," ","",0,"","1978-01-01T00:00:00Z"," ","68782"
"25500","procnatiacadscie"," ","",0,"","1985-01-01T00:00:00Z"," ","25500"
"2353840","procnatiacadscie"," ","",0,"","1990-01-01T00:00:00Z"," ","2353840"
"23770777","procnatiacadscie"," ","",0,"","2014-01-01T00:00:00Z"," ","23770777"
"44891","procnatiacadscie"," ","",0,"","1998-01-01T00:00:00Z"," ","44891"
"39568","procnatiacadscie"," ","",0,"","1996-01-01T00:00:00Z"," ","39568"
"41602973","procnatiacadscie"," ","",0,"","2012-01-01T00:00:00Z"," ","41602973"
"3148242","procnatiacadscie"," ","",0,"","2004-01-01T00:00:00Z"," ","3148242"
"2368539","procnatiacadscie"," ","",0,"","1995-01-01T00:00:00Z"," ","2368539"
"25451518","procnatiacadscie"," ","",0,"","2008-01-01T00:00:00Z"," ","25451518"
"25871","procnatiacadscie"," ","",0,"","1985-01-01T00:00:00Z"," ","25871"
"23771427","procnatiacadscie"," ","",0,"","2014-01-01T00:00:00Z"," ","23771427"
"3374436","procnatiacadscie"," ","",0,"","2005-01-01T00:00:00Z"," ","3374436"
"27978836","procnatiacadscie"," ","",0,"","2011-01-01T00:00:00Z"," ","27978836"
"27897","procnatiacadscie"," ","",0,"","1986-01-01T00:00:00Z"," ","27897"
"20779946","procnatiacadscie"," ","",0,"","2010-01-01T00:00:00Z"," ","20779946"
"32485","procnatiacadscie"," ","",0,"","1988-01-01T00:00:00Z"," ","32485"
"42706514","procnatiacadscie"," ","",0,"","2013-01-01T00:00:00Z"," ","42706514"
"29043","procnatiacadscie"," ","",0,"","1987-01-01T00:00:00Z"," ","29043"
"40285","procnatiacadscie"," ","",0,"","1996-01-01T00:00:00Z"," ","40285"
"31800","procnatiacadscie"," ","",0,"","1988-01-01T00:00:00Z"," ","31800"
"25426810","procnatiacadscie"," ","",0,"","2007-01-01T00:00:00Z"," ","25426810"
"25748737","procnatiacadscie"," ","",0,"","2010-01-01T00:00:00Z"," ","25748737"
"25463150","procnatiacadscie"," ","",0,"","2008-01-01T00:00:00Z"," ","25463150"
"46920","procnatiacadscie"," ","",0,"","1999-01-01T00:00:00Z"," ","46920"
"25451401","procnatiacadscie"," ","",0,"","2008-01-01T00:00:00Z"," ","25451401"
"23770679","procnatiacadscie"," ","",0,"","2014-01-01T00:00:00Z"," ","23770679"
"40147","procnatiacadscie"," ","",0,"","1996-01-01T00:00:00Z"," ","40147"
"2358571","procnatiacadscie"," ","",0,"","1992-01-01T00:00:00Z"," ","2358571"
"28547","procnatiacadscie"," ","",0,"","1986-01-01T00:00:00Z"," ","28547"
"23770677","procnatiacadscie"," ","",0,"","2014-01-01T00:00:00Z"," ","23770677"
"25665453","procnatiacadscie"," ","",0,"","2010-01-01T00:00:00Z"," ","25665453"
"43867","procnatiacadscie"," ","",0,"","1997-01-01T00:00:00Z"," ","43867"
"11091","procnatiacadscie"," ","",0,"","1981-01-01T00:00:00Z"," ","11091"
"3139765","procnatiacadscie"," ","",0,"","2003-01-01T00:00:00Z"," ","3139765"
"42656734","procnatiacadscie"," ","",0,"","2013-01-01T00:00:00Z"," ","42656734"
"25124","procnatiacadscie"," ","",0,"","1985-01-01T00:00:00Z"," ","25124"
"4143544","procnatiacadscie"," ","",0,"","2005-01-01T00:00:00Z"," ","4143544"
"25426073","procnatiacadscie"," ","",0,"","2007-01-01T00:00:00Z"," ","25426073"
"23761613","procnatiacadscie"," ","",0,"","2013-01-01T00:00:00Z"," ","23761613"
"3371299","procnatiacadscie"," ","",0,"","2004-01-01T00:00:00Z"," ","3371299"
"42706513","procnatiacadscie"," ","",0,"","2013-01-01T00:00:00Z"," ","42706513"
"2356471","procnatiacadscie"," ","",0,"","1990-01-01T00:00:00Z"," ","2356471"
"42656727","procnatiacadscie"," ","",0,"","2013-01-01T00:00:00Z"," ","42656727"
"57613","procnatiacadscie"," ","",0,"","1966-01-01T00:00:00Z"," ","57613"
"2359628","procnatiacadscie"," ","",0,"","1992-01-01T00:00:00Z"," ","2359628"
"25831229","procnatiacadscie"," ","",0,"","2011-01-01T00:00:00Z"," ","25831229"
"45748","procnatiacadscie"," ","",0,"","1998-01-01T00:00:00Z"," ","45748"
"25450259","procnatiacadscie"," ","",0,"","2007-01-01T00:00:00Z"," ","25450259"
"2355106","procnatiacadscie"," ","",0,"","1990-01-01T00:00:00Z"," ","2355106"
"30345","procnatiacadscie"," ","",0,"","1987-01-01T00:00:00Z"," ","30345"
"2361599","procnatiacadscie"," ","",0,"","1993-01-01T00:00:00Z"," ","2361599"
"26339","procnatiacadscie"," ","",0,"","1985-01-01T00:00:00Z"," ","26339"
"3073108","procnatiacadscie"," ","",0,"","2002-01-01T00:00:00Z"," ","3073108"
"40536176","procnatiacadscie"," ","",0,"","2009-01-01T00:00:00Z"," ","40536176"
"25699230","philtranbiolscie"," ","",0,"","2010-01-01T00:00:00Z"," ","25699230"
"56876","philtranbiolscie"," ","",0,"","1999-01-01T00:00:00Z"," ","56876"
"41937938","philtranbiolscie"," ","",0,"","2013-01-01T00:00:00Z"," ","41937938"
"40486087","philtranbiolscie"," ","",0,"","2009-01-01T00:00:00Z"," ","40486087"
"55517","philtranbiolscie"," ","",0,"","1991-01-01T00:00:00Z"," ","55517"
"56538","philtranbiolscie"," ","",0,"","1997-01-01T00:00:00Z"," ","56538"
"1522146","wateintejwatebio"," ","",0,"","2000-01-01T00:00:00Z"," ","1522146"
"1522190","wateintejwatebio"," ","",0,"","2000-01-01T00:00:00Z"," ","1522190"
"1522094","wateintejwatebio"," ","",0,"","2002-01-01T00:00:00Z"," ","1522094"
"27667781","procacadnatuscie"," ","",0,"","2008-01-01T00:00:00Z"," ","27667781"
"3588900","consbiol"," ","",0,"","2003-01-01T00:00:00Z"," ","3588900"
"41315177","consbiol"," ","",0,"","2011-01-01T00:00:00Z"," ","41315177"
"40925328","consbiol"," ","",0,"","2010-01-01T00:00:00Z"," ","40925328"
"2386703","consbiol"," ","",0,"","1993-01-01T00:00:00Z"," ","2386703"
"2387617","consbiol"," ","",0,"","1997-01-01T00:00:00Z"," ","2387617"
"3588955","consbiol"," ","",0,"","2003-01-01T00:00:00Z"," ","3588955"
"2386952","consbiol"," ","",0,"","1996-01-01T00:00:00Z"," ","2386952"
"20183385","consbiol"," ","",0,"","2008-01-01T00:00:00Z"," ","20183385"
"3061166","consbiol"," ","",0,"","2002-01-01T00:00:00Z"," ","3061166"
"3061374","consbiol"," ","",0,"","2002-01-01T00:00:00Z"," ","3061374"
"29738783","consbiol"," ","",0,"","2009-01-01T00:00:00Z"," ","29738783"
"2386194","consbiol"," ","",0,"","1991-01-01T00:00:00Z"," ","2386194"
"20183488","consbiol"," ","",0,"","2008-01-01T00:00:00Z"," ","20183488"
"2641747","consbiol"," ","",0,"","1999-01-01T00:00:00Z"," ","2641747"
"20183391","consbiol"," ","",0,"","2008-01-01T00:00:00Z"," ","20183391"
"2387154","consbiol"," ","",0,"","1996-01-01T00:00:00Z"," ","2387154"
"27976464","consbiol"," ","",0,"","2011-01-01T00:00:00Z"," ","27976464"
"2386647","consbiol"," ","",0,"","1993-01-01T00:00:00Z"," ","2386647"
"2387049","consbiol"," ","",0,"","1995-01-01T00:00:00Z"," ","2387049"
"2385855","consbiol"," ","",0,"","1992-01-01T00:00:00Z"," ","2385855"
"41474669","humanecology"," ","",0,"","2012-01-01T00:00:00Z"," ","41474669"
"4602723","humanecology"," ","",0,"","1984-01-01T00:00:00Z"," ","4602723"
"4603193","humanecology"," ","",0,"","1996-01-01T00:00:00Z"," ","4603193"
"4603327","humanecology"," ","",0,"","1999-01-01T00:00:00Z"," ","4603327"
"4603601","humanecology"," ","",0,"","2005-01-01T00:00:00Z"," ","4603601"
"3545513","oikos"," ","",0,"","1992-01-01T00:00:00Z"," ","3545513"
"3545340","oikos"," ","",0,"","1991-01-01T00:00:00Z"," ","3545340"
"4600433","behaecolsoci"," ","",0,"","1990-01-01T00:00:00Z"," ","4600433"
"25063654","behaecolsoci"," ","",0,"","2005-01-01T00:00:00Z"," ","25063654"
"4599578","behaecolsoci"," ","",0,"","1983-01-01T00:00:00Z"," ","4599578"
"4600346","behaecolsoci"," ","",0,"","1989-01-01T00:00:00Z"," ","4600346"
"4599093","behaecolsoci"," ","",0,"","1976-01-01T00:00:00Z"," ","4599093"
"4600105","behaecolsoci"," ","",0,"","1987-01-01T00:00:00Z"," ","4600105"
"4600167","behaecolsoci"," ","",0,"","1988-01-01T00:00:00Z"," ","4600167"
"4600489","behaecolsoci"," ","",0,"","1990-01-01T00:00:00Z"," ","4600489"
"4600886","behaecolsoci"," ","",0,"","1993-01-01T00:00:00Z"," ","4600886"
"23355261","rangecolmana"," ","",0,"","2013-01-01T00:00:00Z"," ","23355261"
"42569264","rangecolmana"," ","",0,"","2013-01-01T00:00:00Z"," ","42569264"
"3899968","rangecolmana"," ","",0,"","2005-01-01T00:00:00Z"," ","3899968"
"4540803","rangecolmana"," ","",0,"","2007-01-01T00:00:00Z"," ","4540803"
"24869680","mariecolprogseri"," ","",0,"","2005-01-01T00:00:00Z"," ","24869680"
"24873398","mariecolprogseri"," ","",0,"","2009-01-01T00:00:00Z"," ","24873398"
"24867120","mariecolprogseri"," ","",0,"","2003-01-01T00:00:00Z"," ","24867120"
"24867740","mariecolprogseri"," ","",0,"","2004-01-01T00:00:00Z"," ","24867740"
"24870666","mariecolprogseri"," ","",0,"","2006-01-01T00:00:00Z"," ","24870666"
"24871976","mariecolprogseri"," ","",0,"","2008-01-01T00:00:00Z"," ","24871976"
"24834371","mariecolprogseri"," ","",0,"","1989-01-01T00:00:00Z"," ","24834371"
"24871001","mariecolprogseri"," ","",0,"","2007-01-01T00:00:00Z"," ","24871001"
"24855516","mariecolprogseri"," ","",0,"","1995-01-01T00:00:00Z"," ","24855516"
"24866142","mariecolprogseri"," ","",0,"","2002-01-01T00:00:00Z"," ","24866142"
"24871813","mariecolprogseri"," ","",0,"","2007-01-01T00:00:00Z"," ","24871813"
"24872027","mariecolprogseri"," ","",0,"","2007-01-01T00:00:00Z"," ","24872027"
"24844881","mariecolprogseri"," ","",0,"","1994-01-01T00:00:00Z"," ","24844881"
"24873685","mariecolprogseri"," ","",0,"","2009-01-01T00:00:00Z"," ","24873685"
"24869893","mariecolprogseri"," ","",0,"","2005-01-01T00:00:00Z"," ","24869893"
"24867450","mariecolprogseri"," ","",0,"","2004-01-01T00:00:00Z"," ","24867450"
"24849737","mariecolprogseri"," ","",0,"","1994-01-01T00:00:00Z"," ","24849737"
"24873106","mariecolprogseri"," ","",0,"","2009-01-01T00:00:00Z"," ","24873106"
"24854601","mariecolprogseri"," ","",0,"","1999-01-01T00:00:00Z"," ","24854601"
"24863770","mariecolprogseri"," ","",0,"","2000-01-01T00:00:00Z"," ","24863770"
"24869710","mariecolprogseri"," ","",0,"","2005-01-01T00:00:00Z"," ","24869710"
"23694170","jexperbota"," ","",0,"","1993-01-01T00:00:00Z"," ","23694170"
"23695214","jexperbota"," ","",0,"","1995-01-01T00:00:00Z"," ","23695214"
"20794580","belgjbota"," ","",0,"","2005-01-01T00:00:00Z"," ","20794580"
"20794498","belgjbota"," ","",0,"","2002-01-01T00:00:00Z"," ","20794498"
"20794640","belgjbota"," ","",0,"","2007-01-01T00:00:00Z"," ","20794640"
"3985015","envihistrevi"," ","",0,"","1992-01-01T00:00:00Z"," ","3985015"
"4096874","paleobiology"," ","",0,"","2003-01-01T00:00:00Z"," ","4096874"
"3595489","paleobiology"," ","",0,"","2002-01-01T00:00:00Z"," ","3595489"
"30164249","physzool"," ","",0,"","1996-01-01T00:00:00Z"," ","30164249"
"30155939","physzool"," ","",0,"","1979-01-01T00:00:00Z"," ","30155939"
"30155753","physzool"," ","",0,"","1979-01-01T00:00:00Z"," ","30155753"
"30155950","physzool"," ","",0,"","1979-01-01T00:00:00Z"," ","30155950"
"3671979","soutnatu"," ","",0,"","1990-01-01T00:00:00Z"," ","3671979"
"20095255","jzoowildmedi"," ","",0,"","1993-01-01T00:00:00Z"," ","20095255"
"20095463","jzoowildmedi"," ","",0,"","1995-01-01T00:00:00Z"," ","20095463"
"4294117","invitrcelldeveanim"," ","",0,"","1993-01-01T00:00:00Z"," ","4294117"
"4295578","invitrcelldeveanim"," ","",0,"","2005-01-01T00:00:00Z"," ","4295578"
"4295245","invitrcelldeveanim"," ","",0,"","2001-01-01T00:00:00Z"," ","4295245"
"4294698","invitrcelldeveanim"," ","",0,"","1997-01-01T00:00:00Z"," ","4294698"
"3572944","radirese"," ","",0,"","1969-01-01T00:00:00Z"," ","3572944"
"1521342","colowate"," ","",0,"","1989-01-01T00:00:00Z"," ","1521342"
"23019028","jparasitology"," ","",0,"","2011-01-01T00:00:00Z"," ","23019028"
"3278919","jparasitology"," ","",0,"","1974-01-01T00:00:00Z"," ","3278919"
"3286321","jparasitology"," ","",0,"","2004-01-01T00:00:00Z"," ","3286321"
"3281686","jparasitology"," ","",0,"","1986-01-01T00:00:00Z"," ","3281686"
"3285247","jparasitology"," ","",0,"","2001-01-01T00:00:00Z"," ","3285247"
"3279905","jparasitology"," ","",0,"","1977-01-01T00:00:00Z"," ","3279905"
"3282933","jparasitology"," ","",0,"","1989-01-01T00:00:00Z"," ","3282933"
"3281911","jparasitology"," ","",0,"","1985-01-01T00:00:00Z"," ","3281911"
"3280584","jparasitology"," ","",0,"","1980-01-01T00:00:00Z"," ","3280584"
"3280709","jparasitology"," ","",0,"","1981-01-01T00:00:00Z"," ","3280709"
"3283645","jparasitology"," ","",0,"","1992-01-01T00:00:00Z"," ","3283645"
"3278916","jparasitology"," ","",0,"","1974-01-01T00:00:00Z"," ","3278916"
"3278917","jparasitology"," ","",0,"","1974-01-01T00:00:00Z"," ","3278917"
"3284009","jparasitology"," ","",0,"","1995-01-01T00:00:00Z"," ","3284009"
"3275002","jparasitology"," ","",0,"","1961-01-01T00:00:00Z"," ","3275002"
"3283087","jparasitology"," ","",0,"","1991-01-01T00:00:00Z"," ","3283087"
"3280356","jparasitology"," ","",0,"","1979-01-01T00:00:00Z"," ","3280356"
"3275146","jparasitology"," ","",0,"","1960-01-01T00:00:00Z"," ","3275146"
"3281777","jparasitology"," ","",0,"","1984-01-01T00:00:00Z"," ","3281777"
"3279785","jparasitology"," ","",0,"","1978-01-01T00:00:00Z"," ","3279785"
"3279721","jparasitology"," ","",0,"","1978-01-01T00:00:00Z"," ","3279721"
"3279474","jparasitology"," ","",0,"","1975-01-01T00:00:00Z"," ","3279474"
"3283784","jparasitology"," ","",0,"","1996-01-01T00:00:00Z"," ","3283784"
"3281274","jparasitology"," ","",0,"","1983-01-01T00:00:00Z"," ","3281274"
"2388672","biotropica"," ","",0,"","1992-01-01T00:00:00Z"," ","2388672"
"30045444","biotropica"," ","",0,"","2008-01-01T00:00:00Z"," ","30045444"
"27742802","biotropica"," ","",0,"","2009-01-01T00:00:00Z"," ","27742802"
"2663828","biotropica"," ","",0,"","2001-01-01T00:00:00Z"," ","2663828"
"2387897","biotropica"," ","",0,"","1984-01-01T00:00:00Z"," ","2387897"
"2387972","biotropica"," ","",0,"","1980-01-01T00:00:00Z"," ","2387972"
"2989820","biotropica"," ","",0,"","1971-01-01T00:00:00Z"," ","2989820"
"2663818","biotropica"," ","",0,"","2000-01-01T00:00:00Z"," ","2663818"
"30045464","biotropica"," ","",0,"","2008-01-01T00:00:00Z"," ","30045464"
"2387725","biotropica"," ","",0,"","1980-01-01T00:00:00Z"," ","2387725"
"42568545","jvertpale"," ","",0,"","2013-01-01T00:00:00Z"," ","42568545"
"4523391","jvertpale"," ","",0,"","1991-01-01T00:00:00Z"," ","4523391"
"4523742","jvertpale"," ","",0,"","1996-01-01T00:00:00Z"," ","4523742"
"40021287","jariznevaacadsci"," ","",0,"","1992-01-01T00:00:00Z"," ","40021287"
"40022355","jariznevaacadsci"," ","",0,"","2007-01-01T00:00:00Z"," ","40022355"
"3674555","mounresedeve"," ","",0,"","2004-01-01T00:00:00Z"," ","3674555"
"3673687","mounresedeve"," ","",0,"","1992-01-01T00:00:00Z"," ","3673687"
"3673547","mounresedeve"," ","",0,"","1988-01-01T00:00:00Z"," ","3673547"
"43581842","jtropforescie"," ","",0,"","1995-01-01T00:00:00Z"," ","43581842"
"43582323","jtropforescie"," ","",0,"","1999-01-01T00:00:00Z"," ","43582323"
"43581805","jtropforescie"," ","",0,"","1994-01-01T00:00:00Z"," ","43581805"
"23616657","jtropforescie"," ","",0,"","2010-01-01T00:00:00Z"," ","23616657"
"43581695","jtropforescie"," ","",0,"","1993-01-01T00:00:00Z"," ","43581695"
"23616998","jtropforescie"," ","",0,"","2013-01-01T00:00:00Z"," ","23616998"
"23616280","jtropforescie"," ","",0,"","2000-01-01T00:00:00Z"," ","23616280"
"43594487","jtropforescie"," ","",0,"","2002-01-01T00:00:00Z"," ","43594487"
"43582475","jtropforescie"," ","",0,"","1995-01-01T00:00:00Z"," ","43582475"
"23616919","jtropforescie"," ","",0,"","2011-01-01T00:00:00Z"," ","23616919"
"23616276","jtropforescie"," ","",0,"","2000-01-01T00:00:00Z"," ","23616276"
"43594658","jtropforescie"," ","",0,"","2006-01-01T00:00:00Z"," ","43594658"
"43582568","jtropforescie"," ","",0,"","1999-01-01T00:00:00Z"," ","43582568"
"23616911","jtropforescie"," ","",0,"","2011-01-01T00:00:00Z"," ","23616911"
"43215469","zeitpflapfla"," ","",0,"","2002-01-01T00:00:00Z"," ","43215469"
"43226851","zeitpflapfla"," ","",0,"","2000-01-01T00:00:00Z"," ","43226851"
"43215648","zeitpflapfla"," ","",0,"","2005-01-01T00:00:00Z"," ","43215648"
"43216191","zeitpflapfla"," ","",0,"","2002-01-01T00:00:00Z"," ","43216191"
"43213484","zeitpflapfla"," ","",0,"","1977-01-01T00:00:00Z"," ","43213484"
"4094381","jmammalogy"," ","",0,"","2005-01-01T00:00:00Z"," ","4094381"
"1373402","jmammalogy"," ","",0,"","1927-01-01T00:00:00Z"," ","1373402"
"1383415","jmammalogy"," ","",0,"","2000-01-01T00:00:00Z"," ","1383415"
"1378357","jmammalogy"," ","",0,"","1969-01-01T00:00:00Z"," ","1378357"
"1382403","jmammalogy"," ","",0,"","1993-01-01T00:00:00Z"," ","1382403"
"1380880","jmammalogy"," ","",0,"","1986-01-01T00:00:00Z"," ","1380880"
"4126865","jmammalogy"," ","",0,"","2007-01-01T00:00:00Z"," ","4126865"
"4498748","jmammalogy"," ","",0,"","2007-01-01T00:00:00Z"," ","4498748"
"1381040","jmammalogy"," ","",0,"","1987-01-01T00:00:00Z"," ","1381040"
"1383646","jmammalogy"," ","",0,"","2003-01-01T00:00:00Z"," ","1383646"
"1376883","jmammalogy"," ","",0,"","1962-01-01T00:00:00Z"," ","1376883"
"1382786","jmammalogy"," ","",0,"","1996-01-01T00:00:00Z"," ","1382786"
"25153152","micrecol"," ","",0,"","2005-01-01T00:00:00Z"," ","25153152"
"25256226","micrecol"," ","",0,"","2007-01-01T00:00:00Z"," ","25256226"
"23655660","plansystevol"," ","",0,"","2006-01-01T00:00:00Z"," ","23655660"
"23655191","plansystevol"," ","",0,"","2005-01-01T00:00:00Z"," ","23655191"
"23655613","plansystevol"," ","",0,"","2006-01-01T00:00:00Z"," ","23655613"
"23645308","plansystevol"," ","",0,"","2003-01-01T00:00:00Z"," ","23645308"
"4255314","econbota"," ","",0,"","1991-01-01T00:00:00Z"," ","4255314"
"41408260","econbota"," ","",0,"","2011-01-01T00:00:00Z"," ","41408260"
"41242926","econbota"," ","",0,"","2011-01-01T00:00:00Z"," ","41242926"
"2997124","bulltorrbotaclub"," ","",0,"","1990-01-01T00:00:00Z"," ","2997124"
"1589751","aviandiseases"," ","",0,"","1979-01-01T00:00:00Z"," ","1589751"
"1592956","aviandiseases"," ","",0,"","2002-01-01T00:00:00Z"," ","1592956"
"3242952","bryologist"," ","",0,"","1984-01-01T00:00:00Z"," ","3242952"
"2441364","americanjbotany"," ","",0,"","1970-01-01T00:00:00Z"," ","2441364"
"41315652","americanjbotany"," ","",0,"","2011-01-01T00:00:00Z"," ","41315652"
"4124128","americanjbotany"," ","",0,"","2003-01-01T00:00:00Z"," ","4124128"
"4122701","americanjbotany"," ","",0,"","2004-01-01T00:00:00Z"," ","4122701"
"3247783","condor"," ","",0,"","2004-01-01T00:00:00Z"," ","3247783"
"1370611","condor"," ","",0,"","2003-01-01T00:00:00Z"," ","1370611"
"1368749","condor"," ","",0,"","1990-01-01T00:00:00Z"," ","1368749"
"41058228","globecolbiog"," ","",0,"","2011-01-01T00:00:00Z"," ","41058228"
"40603644","ecosystems"," ","",0,"","2010-01-01T00:00:00Z"," ","40603644"
"20171621","invitrcelldeveplan"," ","",0,"","2002-01-01T00:00:00Z"," ","20171621"
"41318715","invitrcelldeveplan"," ","",0,"","2002-01-01T00:00:00Z"," ","41318715"
"41759895","selbyana"," ","",0,"","1995-01-01T00:00:00Z"," ","41759895"
"1552006","arctalpirese"," ","",0,"","1998-01-01T00:00:00Z"," ","1552006"
"42603388","commforerevi"," ","",0,"","1966-01-01T00:00:00Z"," ","42603388"
"42608908","commforerevi"," ","",0,"","1996-01-01T00:00:00Z"," ","42608908"
"42608537","commforerevi"," ","",0,"","1992-01-01T00:00:00Z"," ","42608537"
"43737753","commforerevi"," ","",0,"","1990-01-01T00:00:00Z"," ","43737753"
"42606990","commforerevi"," ","",0,"","1994-01-01T00:00:00Z"," ","42606990"
"42608673","commforerevi"," ","",0,"","1998-01-01T00:00:00Z"," ","42608673"
"42608540","commforerevi"," ","",0,"","1992-01-01T00:00:00Z"," ","42608540"
"42603487","commforerevi"," ","",0,"","1966-01-01T00:00:00Z"," ","42603487"
"42606994","commforerevi"," ","",0,"","1994-01-01T00:00:00Z"," ","42606994"
"42605249","commforerevi"," ","",0,"","1974-01-01T00:00:00Z"," ","42605249"
"42603297","commforerevi"," ","",0,"","1965-01-01T00:00:00Z"," ","42603297"
"4494205","jcoasrese"," ","",0,"","2007-01-01T00:00:00Z"," ","4494205"
"41332045","jcoasrese"," ","",0,"","2012-01-01T00:00:00Z"," ","41332045"
"2404433","jappliedecology"," ","",0,"","1995-01-01T00:00:00Z"," ","2404433"
"827324","jappliedecology"," ","",0,"","2001-01-01T00:00:00Z"," ","827324"
"2402486","jappliedecology"," ","",0,"","1981-01-01T00:00:00Z"," ","2402486"
"2404243","jappliedecology"," ","",0,"","1993-01-01T00:00:00Z"," ","2404243"
"2403985","jappliedecology"," ","",0,"","1987-01-01T00:00:00Z"," ","2403985"
"2404295","jappliedecology"," ","",0,"","1990-01-01T00:00:00Z"," ","2404295"
"2402441","jappliedecology"," ","",0,"","1972-01-01T00:00:00Z"," ","2402441"
"2401253","jappliedecology"," ","",0,"","1966-01-01T00:00:00Z"," ","2401253"
"2403897","jappliedecology"," ","",0,"","1987-01-01T00:00:00Z"," ","2403897"
"3505929","jappliedecology"," ","",0,"","2006-01-01T00:00:00Z"," ","3505929"
"2404033","jappliedecology"," ","",0,"","1986-01-01T00:00:00Z"," ","2404033"
"2402550","jappliedecology"," ","",0,"","1977-01-01T00:00:00Z"," ","2402550"
"2403708","jappliedecology"," ","",0,"","1989-01-01T00:00:00Z"," ","2403708"
"2403085","jappliedecology"," ","",0,"","1986-01-01T00:00:00Z"," ","2403085"
"2401793","jappliedecology"," ","",0,"","1976-01-01T00:00:00Z"," ","2401793"
"2405169","jappliedecology"," ","",0,"","1998-01-01T00:00:00Z"," ","2405169"
"827265","jappliedecology"," ","",0,"","2003-01-01T00:00:00Z"," ","827265"
"2404278","jappliedecology"," ","",0,"","1993-01-01T00:00:00Z"," ","2404278"
"2401537","jappliedecology"," ","",0,"","1969-01-01T00:00:00Z"," ","2401537"
"2403476","jappliedecology"," ","",0,"","1982-01-01T00:00:00Z"," ","2403476"
"2401411","jappliedecology"," ","",0,"","1967-01-01T00:00:00Z"," ","2401411"
"2401693","jappliedecology"," ","",0,"","1965-01-01T00:00:00Z"," ","2401693"
"3505957","jappliedecology"," ","",0,"","2004-01-01T00:00:00Z"," ","3505957"
"43576240","annabota"," ","",0,"","2009-01-01T00:00:00Z"," ","43576240"
"42908691","annabota"," ","",0,"","1967-01-01T00:00:00Z"," ","42908691"
"42908068","annabota"," ","",0,"","1968-01-01T00:00:00Z"," ","42908068"
"42796093","annabota"," ","",0,"","2007-01-01T00:00:00Z"," ","42796093"
"42796392","annabota"," ","",0,"","2005-01-01T00:00:00Z"," ","42796392"
"42796116","annabota"," ","",0,"","2007-01-01T00:00:00Z"," ","42796116"
"42759175","annabota"," ","",0,"","2004-01-01T00:00:00Z"," ","42759175"
"42770789","annabota"," ","",0,"","2000-01-01T00:00:00Z"," ","42770789"
"42801269","annabota"," ","",0,"","2006-01-01T00:00:00Z"," ","42801269"
"43575687","annabota"," ","",0,"","2008-01-01T00:00:00Z"," ","43575687"
"42766039","annabota"," ","",0,"","2000-01-01T00:00:00Z"," ","42766039"
"4315309","ambio"," ","",0,"","2002-01-01T00:00:00Z"," ","4315309"
"4315413","ambio"," ","",0,"","2003-01-01T00:00:00Z"," ","4315413"
"4314826","ambio"," ","",0,"","1998-01-01T00:00:00Z"," ","4314826"
"4314827","ambio"," ","",0,"","1998-01-01T00:00:00Z"," ","4314827"
"4003561","jrangemanagement"," ","",0,"","1998-01-01T00:00:00Z"," ","4003561"
"3896997","jrangemanagement"," ","",0,"","1972-01-01T00:00:00Z"," ","3896997"
"3895934","jrangemanagement"," ","",0,"","1969-01-01T00:00:00Z"," ","3895934"
"40061687","ecolappl"," ","",0,"","2006-01-01T00:00:00Z"," ","40061687"
"40062194","ecolappl"," ","",0,"","2008-01-01T00:00:00Z"," ","40062194"
"23441008","ecolappl"," ","",0,"","2013-01-01T00:00:00Z"," ","23441008"
"2641239","ecolappl"," ","",0,"","2000-01-01T00:00:00Z"," ","2641239"
"1942055","ecolappl"," ","",0,"","1995-01-01T00:00:00Z"," ","1942055"
"3099986","ecolappl"," ","",0,"","2002-01-01T00:00:00Z"," ","3099986"
"2269349","ecolappl"," ","",0,"","1995-01-01T00:00:00Z"," ","2269349"
"3060939","ecolappl"," ","",0,"","2001-01-01T00:00:00Z"," ","3060939"
"40062271","ecolappl"," ","",0,"","2008-01-01T00:00:00Z"," ","40062271"
"30244655","ecography"," ","",0,"","2009-01-01T00:00:00Z"," ","30244655"
"30244555","ecography"," ","",0,"","2008-01-01T00:00:00Z"," ","30244555"
"4539963","divedist"," ","",0,"","2007-01-01T00:00:00Z"," ","4539963"
"24054774","newzealjecol"," ","",0,"","1999-01-01T00:00:00Z"," ","24054774"
"3798800","jwildmana"," ","",0,"","1964-01-01T00:00:00Z"," ","3798800"
"3808191","jwildmana"," ","",0,"","1983-01-01T00:00:00Z"," ","3808191"
"3801717","jwildmana"," ","",0,"","1985-01-01T00:00:00Z"," ","3801717"
"3799875","jwildmana"," ","",0,"","1971-01-01T00:00:00Z"," ","3799875"
"3800821","jwildmana"," ","",0,"","1978-01-01T00:00:00Z"," ","3800821"
"3801925","jwildmana"," ","",0,"","1986-01-01T00:00:00Z"," ","3801925"
"3802142","jwildmana"," ","",0,"","1997-01-01T00:00:00Z"," ","3802142"
"3798799","jwildmana"," ","",0,"","1964-01-01T00:00:00Z"," ","3798799"
"3798635","jwildmana"," ","",0,"","1965-01-01T00:00:00Z"," ","3798635"
"3799162","jwildmana"," ","",0,"","1970-01-01T00:00:00Z"," ","3799162"
"3800701","jwildmana"," ","",0,"","1978-01-01T00:00:00Z"," ","3800701"
"3668703","systgeogplan"," ","",0,"","2001-01-01T00:00:00Z"," ","3668703"
"42882675","advahortscie"," ","",0,"","2009-01-01T00:00:00Z"," ","42882675"
"4092963","jherpetology"," ","",0,"","2005-01-01T00:00:00Z"," ","4092963"
"1563308","jherpetology"," ","",0,"","1977-01-01T00:00:00Z"," ","1563308"
"3558891","procbiolscie"," ","",0,"","2003-01-01T00:00:00Z"," ","3558891"
"41727479","procbiolscie"," ","",0,"","2012-01-01T00:00:00Z"," ","41727479"
"51555","procbiolscie"," ","",0,"","1999-01-01T00:00:00Z"," ","51555"
"25249637","procbiolscie"," ","",0,"","2008-01-01T00:00:00Z"," ","25249637"
"25223324","procbiolscie"," ","",0,"","2006-01-01T00:00:00Z"," ","25223324"
"20780105","procbiolscie"," ","",0,"","2010-01-01T00:00:00Z"," ","20780105"
"3067720","procbiolscie"," ","",0,"","2002-01-01T00:00:00Z"," ","3067720"
"25223960","procbiolscie"," ","",0,"","2007-01-01T00:00:00Z"," ","25223960"
"41727371","procbiolscie"," ","",0,"","2012-01-01T00:00:00Z"," ","41727371"
"3068032","procbiolscie"," ","",0,"","2001-01-01T00:00:00Z"," ","3068032"
"51207","procbiolscie"," ","",0,"","1999-01-01T00:00:00Z"," ","51207"
"23068676","procbiolscie"," ","",0,"","2012-01-01T00:00:00Z"," ","23068676"
"41315068","procbiolscie"," ","",0,"","2011-01-01T00:00:00Z"," ","41315068"
"41148953","procbiolscie"," ","",0,"","2011-01-01T00:00:00Z"," ","41148953"
"30244146","procbiolscie"," ","",0,"","2009-01-01T00:00:00Z"," ","30244146"
"41549559","procbiolscie"," ","",0,"","2012-01-01T00:00:00Z"," ","41549559"
"23250765","americanfernj"," ","",0,"","2012-01-01T00:00:00Z"," ","23250765"
"20038169","vegetatio"," ","",0,"","1987-01-01T00:00:00Z"," ","20038169"
"20037030","vegetatio"," ","",0,"","1981-01-01T00:00:00Z"," ","20037030"
"20037287","vegetatio"," ","",0,"","1986-01-01T00:00:00Z"," ","20037287"
"24331974","jplanpath"," ","",0,"","2014-01-01T00:00:00Z"," ","24331974"
"41998143","jplanpath"," ","",0,"","2003-01-01T00:00:00Z"," ","41998143"
"41998810","jplanpath"," ","",0,"","2010-01-01T00:00:00Z"," ","41998810"
"23209332","planecolevol"," ","",0,"","2011-01-01T00:00:00Z"," ","23209332"
"43491845","planecolevol"," ","",0,"","2012-01-01T00:00:00Z"," ","43491845"
"23209430","planecolevol"," ","",0,"","2011-01-01T00:00:00Z"," ","23209430"
"23209419","planecolevol"," ","",0,"","2011-01-01T00:00:00Z"," ","23209419"
"42947653","plantandsoil"," ","",0,"","1995-01-01T00:00:00Z"," ","42947653"
"42946551","plantandsoil"," ","",0,"","1996-01-01T00:00:00Z"," ","42946551"
"42949891","plantandsoil"," ","",0,"","1998-01-01T00:00:00Z"," ","42949891"
"24130832","plantandsoil"," ","",0,"","2011-01-01T00:00:00Z"," ","24130832"
"42939060","plantandsoil"," ","",0,"","1993-01-01T00:00:00Z"," ","42939060"
"24121083","plantandsoil"," ","",0,"","2002-01-01T00:00:00Z"," ","24121083"
"42931816","plantandsoil"," ","",0,"","1959-01-01T00:00:00Z"," ","42931816"
"42934532","plantandsoil"," ","",0,"","1984-01-01T00:00:00Z"," ","42934532"
"42932470","plantandsoil"," ","",0,"","1974-01-01T00:00:00Z"," ","42932470"
"42950642","plantandsoil"," ","",0,"","2000-01-01T00:00:00Z"," ","42950642"
"24122653","plantandsoil"," ","",0,"","1998-01-01T00:00:00Z"," ","24122653"
"24120946","plantandsoil"," ","",0,"","2002-01-01T00:00:00Z"," ","24120946"
"42948037","plantandsoil"," ","",0,"","1997-01-01T00:00:00Z"," ","42948037"
"42937033","plantandsoil"," ","",0,"","1991-01-01T00:00:00Z"," ","42937033"
"42947938","plantandsoil"," ","",0,"","1997-01-01T00:00:00Z"," ","42947938"
"42932308","plantandsoil"," ","",0,"","1973-01-01T00:00:00Z"," ","42932308"
"24125356","plantandsoil"," ","",0,"","2005-01-01T00:00:00Z"," ","24125356"
"42939456","plantandsoil"," ","",0,"","1994-01-01T00:00:00Z"," ","42939456"
"42936009","plantandsoil"," ","",0,"","1986-01-01T00:00:00Z"," ","42936009"
"42937692","plantandsoil"," ","",0,"","1988-01-01T00:00:00Z"," ","42937692"
"42951946","plantandsoil"," ","",0,"","2001-01-01T00:00:00Z"," ","42951946"
"42937939","plantandsoil"," ","",0,"","1992-01-01T00:00:00Z"," ","42937939"
"42946919","plantandsoil"," ","",0,"","1975-01-01T00:00:00Z"," ","42946919"
"42937709","plantandsoil"," ","",0,"","1988-01-01T00:00:00Z"," ","42937709"
"42947441","plantandsoil"," ","",0,"","1995-01-01T00:00:00Z"," ","42947441"
"42951220","plantandsoil"," ","",0,"","2001-01-01T00:00:00Z"," ","42951220"
"42946702","plantandsoil"," ","",0,"","1967-01-01T00:00:00Z"," ","42946702"
"24121092","plantandsoil"," ","",0,"","2002-01-01T00:00:00Z"," ","24121092"
"42947877","plantandsoil"," ","",0,"","1996-01-01T00:00:00Z"," ","42947877"
"24124935","plantandsoil"," ","",0,"","2005-01-01T00:00:00Z"," ","24124935"
"42952012","plantandsoil"," ","",0,"","2004-01-01T00:00:00Z"," ","42952012"
"24123708","plantandsoil"," ","",0,"","2002-01-01T00:00:00Z"," ","24123708"
"42946941","plantandsoil"," ","",0,"","1975-01-01T00:00:00Z"," ","42946941"
"42949657","plantandsoil"," ","",0,"","1999-01-01T00:00:00Z"," ","42949657"
"42938519","plantandsoil"," ","",0,"","1990-01-01T00:00:00Z"," ","42938519"
"24125222","plantandsoil"," ","",0,"","2005-01-01T00:00:00Z"," ","24125222"
"42951936","plantandsoil"," ","",0,"","2001-01-01T00:00:00Z"," ","42951936"
"42937840","plantandsoil"," ","",0,"","1989-01-01T00:00:00Z"," ","42937840"
"42951358","plantandsoil"," ","",0,"","2001-01-01T00:00:00Z"," ","42951358"
"42936164","plantandsoil"," ","",0,"","1987-01-01T00:00:00Z"," ","42936164"
"42947525","plantandsoil"," ","",0,"","1995-01-01T00:00:00Z"," ","42947525"
"42949653","plantandsoil"," ","",0,"","1999-01-01T00:00:00Z"," ","42949653"
"24120947","plantandsoil"," ","",0,"","2002-01-01T00:00:00Z"," ","24120947"
"42950920","plantandsoil"," ","",0,"","2000-01-01T00:00:00Z"," ","42950920"
"42946571","plantandsoil"," ","",0,"","1996-01-01T00:00:00Z"," ","42946571"
"42949378","plantandsoil"," ","",0,"","1997-01-01T00:00:00Z"," ","42949378"
"24362516","florento"," ","",0,"","2014-01-01T00:00:00Z"," ","24362516"
"41336449","florento"," ","",0,"","2011-01-01T00:00:00Z"," ","41336449"
"20720075","florento"," ","",0,"","2010-01-01T00:00:00Z"," ","20720075"
"3496330","florento"," ","",0,"","2003-01-01T00:00:00Z"," ","3496330"
"3496828","florento"," ","",0,"","2002-01-01T00:00:00Z"," ","3496828"
"41336451","florento"," ","",0,"","2011-01-01T00:00:00Z"," ","41336451"
"23268490","florento"," ","",0,"","2012-01-01T00:00:00Z"," ","23268490"
"1549348","jcrusbiol"," ","",0,"","2000-01-01T00:00:00Z"," ","1549348"
"4536532","behaviour"," ","",0,"","2007-01-01T00:00:00Z"," ","4536532"
"4535903","behaviour"," ","",0,"","2001-01-01T00:00:00Z"," ","4535903"
"23371183","planta"," ","",0,"","1974-01-01T00:00:00Z"," ","23371183"
"4267755","planphys"," ","",0,"","1982-01-01T00:00:00Z"," ","4267755"
"4270709","planphys"," ","",0,"","1987-01-01T00:00:00Z"," ","4270709"
"4266926","planphys"," ","",0,"","1981-01-01T00:00:00Z"," ","4266926"
"2458456","amernatu"," ","",0,"","1959-01-01T00:00:00Z"," ","2458456"
"2463127","amernatu"," ","",0,"","1995-01-01T00:00:00Z"," ","2463127"
"2656340","funcecol"," ","",0,"","1999-01-01T00:00:00Z"," ","2656340"
"2389823","funcecol"," ","",0,"","1994-01-01T00:00:00Z"," ","2389823"
"1514310","newphytologist"," ","",0,"","2003-01-01T00:00:00Z"," ","1514310"
"2588523","newphytologist"," ","",0,"","1999-01-01T00:00:00Z"," ","2588523"
"25150534","newphytologist"," ","",0,"","2008-01-01T00:00:00Z"," ","25150534"
"2485019","newphytologist"," ","",0,"","1980-01-01T00:00:00Z"," ","2485019"
"2485018","newphytologist"," ","",0,"","1980-01-01T00:00:00Z"," ","2485018"
"3236540","jvegescie"," ","",0,"","2002-01-01T00:00:00Z"," ","3236540"
"40295825","jvegescie"," ","",0,"","2009-01-01T00:00:00Z"," ","40295825"
"1541001","biolbull"," ","",0,"","1979-01-01T00:00:00Z"," ","1541001"
"20839327","biolbull"," ","",0,"","2011-01-01T00:00:00Z"," ","20839327"
"25622854","biolbull"," ","",0,"","2010-01-01T00:00:00Z"," ","25622854"
"1541743","biolbull"," ","",0,"","1990-01-01T00:00:00Z"," ","1541743"
"25470711","biolbull"," ","",0,"","2008-01-01T00:00:00Z"," ","25470711"